Timestamp,Temperature (°C),Humidity (%),Pressure (kPa),Gas Resistance (KOhm)
2025-11-11 21:43:52,21.54,45.09,100.31,133.61
2025-11-11 21:43:54,21.37,45.2,100.31,132.97
2025-11-11 21:43:56,21.25,45.27,100.31,133.5
2025-11-11 21:43:59,21.15,45.31,100.31,134.25
2025-11-11 21:44:01,21.07,45.4,100.31,132.76
2025-11-11 21:44:03,21.01,45.53,100.31,130.88
2025-11-11 21:44:05,20.96,45.61,100.31,130.47
2025-11-11 21:44:06,20.94,45.64,100.31,133.5
2025-11-11 21:44:08,20.94,45.64,100.31,140.11
2025-11-11 21:44:10,20.92,45.51,100.31,138.49
2025-11-11 21:44:11,20.9,45.37,100.31,136.45
2025-11-11 21:44:13,20.91,45.32,100.31,142.38
2025-11-11 21:44:15,20.9,45.15,100.31,143.24
2025-11-11 21:44:16,20.89,45.03,100.31,141.66
2025-11-11 21:44:18,20.9,44.96,100.31,145.49
2025-11-11 21:44:19,20.9,44.86,100.31,147.03
2025-11-11 21:44:21,20.9,44.77,100.31,149.13
2025-11-11 21:44:23,20.88,44.64,100.31,145.49
2025-11-11 21:44:25,20.87,44.59,100.31,143.61
2025-11-11 21:44:26,20.88,44.55,100.31,150.2
2025-11-11 21:44:28,20.89,44.48,100.31,148.6
2025-11-11 21:44:30,20.87,44.41,100.31,145.62
2025-11-11 21:44:32,20.87,44.37,100.31,147.94
2025-11-11 21:44:34,20.85,44.3,100.31,146.51
2025-11-11 21:44:36,20.84,44.29,100.31,144.98
2025-11-11 21:44:38,20.82,44.3,100.31,141.18
2025-11-11 21:44:40,20.83,44.3,100.31,144.73
2025-11-11 21:44:42,20.82,44.3,100.31,142.87
2025-11-11 21:44:43,20.81,44.33,100.31,141.18
2025-11-11 21:44:45,20.84,44.37,100.31,144.73
2025-11-11 21:44:47,20.83,44.49,100.31,143.49
2025-11-11 21:44:50,20.82,44.74,100.31,139.64
2025-11-11 21:44:51,20.81,45.07,100.31,137.68
2025-11-11 21:44:53,20.81,45.37,100.31,138.14
2025-11-11 21:44:54,20.84,45.58,100.31,144.73
2025-11-11 21:44:56,20.84,45.72,100.31,142.75
2025-11-11 21:44:58,20.86,45.76,100.31,148.33
2025-11-11 21:45:00,20.85,45.65,100.31,142.51
2025-11-11 21:45:02,20.83,45.57,100.31,140.82
2025-11-11 21:45:03,20.82,45.51,100.31,139.18
2025-11-11 21:45:05,20.84,45.49,100.31,143.61
2025-11-11 21:45:06,20.86,45.4,100.31,148.2
2025-11-11 21:45:08,20.89,45.31,100.31,150.07
2025-11-11 21:45:09,20.88,45.15,100.31,148.07
2025-11-11 21:45:12,20.86,45.0,100.31,144.98
2025-11-11 21:45:13,20.85,44.89,100.31,143.24
2025-11-11 21:45:15,20.84,44.84,100.31,142.38
2025-11-11 21:45:17,20.86,44.79,100.31,148.33
2025-11-11 21:45:18,20.85,44.69,100.31,144.35
2025-11-11 21:45:20,20.87,44.63,100.31,150.07
2025-11-11 21:45:23,20.85,44.52,100.31,144.73
2025-11-11 21:45:25,20.83,44.44,100.31,138.83
2025-11-11 21:45:27,20.82,44.41,100.31,138.37
2025-11-11 21:45:30,20.81,44.4,100.31,137.12
2025-11-11 21:45:33,20.79,44.49,100.31,133.39
2025-11-11 21:45:35,20.78,44.6,100.31,131.92
2025-11-11 21:45:37,20.77,44.66,100.31,131.6
2025-11-11 21:45:38,20.79,44.7,100.31,135.67
2025-11-11 21:45:40,20.82,44.73,100.31,141.06
2025-11-11 21:45:42,20.81,44.7,100.31,139.64
2025-11-11 21:45:44,20.81,44.69,100.31,140.7
2025-11-11 21:45:45,20.81,44.66,100.31,139.41
2025-11-11 21:45:47,20.82,44.62,100.31,142.99
2025-11-11 21:47:11,21.43,45.16,100.3,122.7,4294967296.0,4294967296.0,4294967296.0
2025-11-11 21:47:13,21.29,45.16,100.3,128.07,4294967296.0,4294967296.0,4294967296.0
2025-11-11 21:47:15,21.16,45.1,100.3,127.0,4294967296.0,4294967296.0,4294967296.0
2025-11-11 21:47:17,21.06,45.08,100.3,128.27,4294967296.0,4294967296.0,4294967296.0
2025-11-11 21:47:19,20.99,45.08,100.3,126.61,4294967296.0,4294967296.0,4294967296.0
2025-11-11 21:47:21,20.93,45.1,100.3,127.19,4294967296.0,4294967296.0,4294967296.0
2025-11-11 21:47:23,20.89,45.13,100.3,127.39,4294967296.0,4294967296.0,4294967296.0
2025-11-11 21:47:26,20.86,45.12,100.3,126.9,4294967296.0,4294967296.0,4294967296.0
2025-11-11 21:47:28,20.83,45.08,100.3,127.48,4294967296.0,4294967296.0,4294967296.0
2025-11-11 21:47:30,20.82,45.06,100.3,129.16,4294967296.0,4294967296.0,4294967296.0
2025-11-11 21:47:32,20.81,45.04,100.3,129.16,4294967296.0,4294967296.0,4294967296.0
2025-11-11 21:47:34,20.8,45.02,100.3,130.07,4294967296.0,4294967296.0,4294967296.0
2025-11-11 21:47:36,20.79,44.99,100.3,128.27,4294967296.0,4294967296.0,4294967296.0
2025-11-11 21:47:38,20.79,44.96,100.3,131.92,4294967296.0,4294967296.0,4294967296.0
2025-11-11 21:47:40,20.79,44.93,100.3,129.76,4294967296.0,4294967296.0,4294967296.0
2025-11-11 21:47:41,20.82,44.91,100.3,134.68,4294967296.0,4294967296.0,4294967296.0
2025-11-11 21:47:43,20.83,44.86,100.3,137.91,4294967296.0,4294967296.0,4294967296.0
2025-11-11 21:47:45,20.82,44.86,100.3,135.34,4294967296.0,4294967296.0,4294967296.0
2025-11-11 21:47:47,20.81,44.97,100.3,132.97,4294967296.0,4294967296.0,4294967296.0
2025-11-11 21:47:50,20.8,45.12,100.3,132.12,4294967296.0,4294967296.0,4294967296.0
2025-11-11 21:47:51,20.8,45.29,100.3,130.88,4294967296.0,4294967296.0,4294967296.0
2025-11-11 21:47:53,20.8,45.37,100.3,132.97,4294967296.0,4294967296.0,4294967296.0
2025-11-11 21:47:55,20.81,45.39,100.3,135.12,4294967296.0,4294967296.0,4294967296.0
2025-11-11 21:47:57,20.8,45.38,100.3,133.71,4294967296.0,4294967296.0,4294967296.0
2025-11-11 21:47:59,20.8,45.4,100.3,133.5,4294967296.0,4294967296.0,4294967296.0
2025-11-11 21:48:02,20.79,45.41,100.3,132.23,4294967296.0,4294967296.0,4294967296.0
2025-11-11 21:48:03,20.79,45.41,100.3,133.39,4294967296.0,4294967296.0,4294967296.0
2025-11-11 21:48:05,20.79,45.44,100.3,132.44,4294967296.0,4294967296.0,4294967296.0
2025-11-11 21:48:07,20.79,45.45,100.3,135.56,4294967296.0,4294967296.0,4294967296.0
2025-11-11 21:48:08,20.81,45.45,100.3,138.37,4294967296.0,4294967296.0,4294967296.0
2025-11-11 21:48:10,20.84,45.44,100.3,141.18,4294967296.0,4294967296.0,4294967296.0
2025-11-11 21:48:12,20.83,45.37,100.3,138.71,4294967296.0,4294967296.0,4294967296.0
2025-11-11 21:48:14,20.82,45.31,100.3,135.78,4294967296.0,4294967296.0,4294967296.0
2025-11-11 21:48:17,20.81,45.35,100.3,135.78,4294967296.0,4294967296.0,4294967296.0
2025-11-11 21:48:19,20.8,45.4,100.3,132.97,4294967296.0,4294967296.0,4294967296.0
2025-11-11 21:48:20,20.8,45.45,100.3,135.78,4294967296.0,4294967296.0,4294967296.0
2025-11-11 21:48:22,20.83,45.47,100.3,137.91,4294967296.0,4294967296.0,4294967296.0
2025-11-11 21:48:24,20.82,45.49,100.3,136.34,4294967296.0,4294967296.0,4294967296.0
2025-11-11 21:48:26,20.81,45.55,100.3,134.79,4294967296.0,4294967296.0,4294967296.0
2025-11-11 21:48:28,20.81,45.62,100.3,133.82,4294967296.0,4294967296.0,4294967296.0
2025-11-11 21:48:30,20.81,45.68,100.3,134.9,4294967296.0,4294967296.0,4294967296.0
2025-11-11 21:48:32,20.82,45.7,100.3,136.67,4294967296.0,4294967296.0,4294967296.0
2025-11-11 21:48:34,20.82,45.7,100.3,135.78,4294967296.0,4294967296.0,4294967296.0
2025-11-11 21:48:35,20.82,45.69,100.3,135.45,4294967296.0,4294967296.0,4294967296.0
2025-11-11 21:48:36,20.84,45.69,100.3,140.35,4294967296.0,4294967296.0,4294967296.0
2025-11-11 21:48:37,20.87,45.67,100.3,145.62,4294967296.0,4294967296.0,4294967296.0
2025-11-11 21:48:39,20.9,45.63,100.3,147.29,4294967296.0,4294967296.0,4294967296.0
2025-11-11 21:48:41,20.91,45.57,100.3,148.33,4294967296.0,4294967296.0,4294967296.0
2025-11-11 21:48:42,20.9,45.54,100.3,144.11,4294967296.0,4294967296.0,4294967296.0
2025-11-11 21:48:44,20.89,45.53,100.3,145.23,4294967296.0,4294967296.0,4294967296.0
2025-11-11 21:48:46,20.88,45.54,100.3,140.23,4294967296.0,4294967296.0,4294967296.0
2025-11-11 21:48:47,20.89,45.55,100.3,147.42,4294967296.0,4294967296.0,4294967296.0
2025-11-11 21:48:49,20.91,45.55,100.3,148.6,4294967296.0,4294967296.0,4294967296.0
2025-11-11 21:48:50,20.91,45.55,100.3,147.55,4294967296.0,4294967296.0,4294967296.0
2025-11-11 21:48:52,20.92,45.64,100.3,150.74,4294967296.0,4294967296.0,4294967296.0
2025-11-11 21:48:53,20.9,45.75,100.3,146.64,4294967296.0,4294967296.0,4294967296.0
2025-11-11 21:48:55,20.9,45.83,100.3,146.77,4294967296.0,4294967296.0,4294967296.0
2025-11-11 21:48:57,20.89,45.83,100.3,143.49,4294967296.0,4294967296.0,4294967296.0
2025-11-11 21:48:59,20.87,45.81,100.3,142.26,4294967296.0,4294967296.0,4294967296.0
2025-11-11 21:49:01,20.85,45.73,100.3,139.64,4294967296.0,4294967296.0,4294967296.0
2025-11-11 21:49:04,20.83,45.64,100.3,137.23,4294967296.0,4294967296.0,4294967296.0
2025-11-11 21:49:06,20.82,45.55,100.3,137.12,4294967296.0,4294967296.0,4294967296.0
2025-11-11 21:49:08,20.8,45.49,100.3,137.12,4294967296.0,4294967296.0,4294967296.0
2025-11-11 21:49:09,20.8,45.45,100.3,137.91,4294967296.0,4294967296.0,4294967296.0
2025-11-11 21:49:11,20.82,45.4,100.3,142.75,4294967296.0,4294967296.0,4294967296.0
2025-11-11 21:49:12,20.82,45.31,100.3,140.94,4294967296.0,4294967296.0,4294967296.0
2025-11-11 21:49:14,20.83,45.28,100.3,142.26,4294967296.0,4294967296.0,4294967296.0
2025-11-11 21:49:16,20.82,45.24,100.3,140.47,4294967296.0,4294967296.0,4294967296.0
2025-11-11 21:49:18,20.84,45.22,100.3,144.73,4294967296.0,4294967296.0,4294967296.0
2025-11-11 21:49:19,20.83,45.17,100.3,141.66,4294967296.0,4294967296.0,4294967296.0
2025-11-11 21:49:20,20.84,45.19,100.3,145.11,4294967296.0,4294967296.0,4294967296.0
2025-11-11 21:49:22,20.86,45.16,100.3,148.99,4294967296.0,4294967296.0,4294967296.0
2025-11-11 21:49:24,20.86,45.07,100.3,146.77,4294967296.0,4294967296.0,4294967296.0
2025-11-11 21:49:26,20.84,44.98,100.29,144.98,4294967296.0,4294967296.0,4294967296.0
2025-11-11 21:49:28,20.83,44.95,100.29,142.75,4294967296.0,4294967296.0,4294967296.0
2025-11-11 21:49:29,20.85,44.95,100.29,149.8,4294967296.0,4294967296.0,4294967296.0
2025-11-11 21:49:31,20.87,44.91,100.3,152.4,4294967296.0,4294967296.0,4294967296.0
2025-11-11 21:49:33,20.85,44.9,100.3,145.23,4294967296.0,4294967296.0,4294967296.0
2025-11-11 21:49:35,20.83,44.94,100.29,141.66,4294967296.0,4294967296.0,4294967296.0
2025-11-11 21:49:36,20.82,45.0,100.29,142.02,4294967296.0,4294967296.0,4294967296.0
2025-11-11 21:49:38,20.84,45.04,100.29,145.74,4294967296.0,4294967296.0,4294967296.0
2025-11-11 21:49:40,20.83,45.06,100.29,142.75,4294967296.0,4294967296.0,4294967296.0
2025-11-11 21:49:42,20.85,45.07,100.29,148.33,4294967296.0,4294967296.0,4294967296.0
2025-11-11 21:49:44,20.84,45.03,100.3,142.63,4294967296.0,4294967296.0,4294967296.0
2025-11-11 21:49:46,20.82,45.02,100.3,143.49,4294967296.0,4294967296.0,4294967296.0
2025-11-11 21:49:48,20.81,45.01,100.3,139.41,4294967296.0,4294967296.0,4294967296.0
2025-11-11 21:49:50,20.8,45.0,100.3,138.95,4294967296.0,4294967296.0,4294967296.0
2025-11-11 21:49:51,20.83,45.0,100.29,145.11,4294967296.0,4294967296.0,4294967296.0
2025-11-11 21:49:53,20.83,44.94,100.29,142.99,4294967296.0,4294967296.0,4294967296.0
2025-11-11 21:49:55,20.83,44.92,100.29,143.12,4294967296.0,4294967296.0,4294967296.0
2025-11-11 21:49:56,20.85,44.92,100.29,148.2,4294967296.0,4294967296.0,4294967296.0
2025-11-11 21:49:58,20.88,44.88,100.29,149.93,4294967296.0,4294967296.0,4294967296.0
2025-11-11 21:50:00,20.86,44.83,100.29,145.74,4294967296.0,4294967296.0,4294967296.0
2025-11-11 21:50:02,20.85,44.85,100.29,142.51,4294967296.0,4294967296.0,4294967296.0
2025-11-11 21:50:04,20.84,44.89,100.29,141.9,4294967296.0,4294967296.0,4294967296.0
2025-11-11 21:50:06,20.83,44.92,100.29,138.95,4294967296.0,4294967296.0,4294967296.0
2025-11-11 21:50:07,20.86,44.94,100.29,143.61,4294967296.0,4294967296.0,4294967296.0
2025-11-11 21:50:08,20.88,44.92,100.29,147.68,4294967296.0,4294967296.0,4294967296.0
2025-11-11 21:50:10,20.91,44.88,100.29,151.43,4294967296.0,4294967296.0,4294967296.0
2025-11-11 21:50:12,20.9,44.84,100.29,146.13,4294967296.0,4294967296.0,4294967296.0
2025-11-11 21:50:14,20.88,44.84,100.29,143.12,4294967296.0,4294967296.0,4294967296.0
2025-11-11 21:50:16,20.87,44.85,100.29,143.49,4294967296.0,4294967296.0,4294967296.0
2025-11-11 21:50:18,20.86,44.86,100.29,141.3,4294967296.0,4294967296.0,4294967296.0
2025-11-11 21:50:19,20.88,44.87,100.29,146.51,4294967296.0,4294967296.0,4294967296.0
2025-11-11 21:50:21,20.88,44.84,100.29,144.23,4294967296.0,4294967296.0,4294967296.0
2025-11-11 21:50:22,20.9,44.83,100.29,148.07,4294967296.0,4294967296.0,4294967296.0
2025-11-11 21:50:24,20.9,44.79,100.29,148.86,4294967296.0,4294967296.0,4294967296.0
2025-11-11 21:50:26,20.89,44.79,100.29,144.11,4294967296.0,4294967296.0,4294967296.0
2025-11-11 21:50:28,20.89,44.79,100.29,144.6,4294967296.0,4294967296.0,4294967296.0
2025-11-11 21:50:30,20.9,44.78,100.29,146.77,4294967296.0,4294967296.0,4294967296.0
2025-11-11 21:50:31,20.9,44.75,100.29,144.98,4294967296.0,4294967296.0,4294967296.0
2025-11-11 21:50:33,20.89,44.74,100.29,142.87,4294967296.0,4294967296.0,4294967296.0
2025-11-11 21:50:35,20.91,44.73,100.29,149.66,4294967296.0,4294967296.0,4294967296.0
2025-11-11 21:50:36,20.91,44.69,100.29,146.51,4294967296.0,4294967296.0,4294967296.0
2025-11-11 21:50:38,20.9,44.69,100.29,144.98,4294967296.0,4294967296.0,4294967296.0
2025-11-11 21:50:39,20.92,44.71,100.29,148.33,4294967296.0,4294967296.0,4294967296.0
2025-11-11 21:50:41,20.93,44.67,100.29,151.29,4294967296.0,4294967296.0,4294967296.0
2025-11-11 21:50:42,20.94,44.65,100.29,149.8,4294967296.0,4294967296.0,4294967296.0
2025-11-11 21:50:44,20.95,44.62,100.29,152.4,4294967296.0,4294967296.0,4294967296.0
2025-11-11 21:50:46,20.95,44.6,100.29,150.61,4294967296.0,4294967296.0,4294967296.0
2025-11-11 21:50:47,20.95,44.6,100.29,152.68,4294967296.0,4294967296.0,4294967296.0
2025-11-11 21:50:50,20.94,44.61,100.29,149.26,4294967296.0,4294967296.0,4294967296.0
2025-11-11 21:50:52,20.92,44.64,100.29,144.23,4294967296.0,4294967296.0,4294967296.0
2025-11-11 21:50:54,20.91,44.63,100.29,143.98,4294967296.0,4294967296.0,4294967296.0
2025-11-11 21:50:56,20.9,44.66,100.29,142.26,4294967296.0,4294967296.0,4294967296.0
2025-11-11 21:50:58,20.89,44.67,100.29,138.95,4294967296.0,4294967296.0,4294967296.0
2025-11-11 21:51:00,20.88,44.7,100.29,139.53,4294967296.0,4294967296.0,4294967296.0
2025-11-11 21:51:02,20.88,44.71,100.29,140.59,4294967296.0,4294967296.0,4294967296.0
2025-11-11 21:51:04,20.88,44.76,100.29,139.64,4294967296.0,4294967296.0,4294967296.0
2025-11-11 21:51:06,20.88,44.79,100.29,139.64,4294967296.0,4294967296.0,4294967296.0
2025-11-11 21:51:08,20.88,44.79,100.29,137.8,4294967296.0,4294967296.0,4294967296.0
2025-11-11 21:51:10,20.88,44.8,100.29,138.49,4294967296.0,4294967296.0,4294967296.0
2025-11-11 21:51:12,20.9,44.81,100.29,142.14,4294967296.0,4294967296.0,4294967296.0
2025-11-11 21:51:14,20.9,44.79,100.29,139.88,4294967296.0,4294967296.0,4294967296.0
2025-11-11 21:51:15,20.89,44.78,100.29,139.76,4294967296.0,4294967296.0,4294967296.0
2025-11-11 21:51:18,20.9,44.77,100.29,141.42,4294967296.0,4294967296.0,4294967296.0
2025-11-11 21:51:19,20.9,44.77,100.29,141.78,4294967296.0,4294967296.0,4294967296.0
2025-11-11 21:51:21,20.9,44.76,100.29,142.75,4294967296.0,4294967296.0,4294967296.0
2025-11-11 21:51:22,20.92,44.76,100.29,146.77,4294967296.0,4294967296.0,4294967296.0
2025-11-11 21:51:24,20.93,44.71,100.29,146.25,4294967296.0,4294967296.0,4294967296.0
2025-11-11 21:51:26,20.93,44.68,100.29,144.23,4294967296.0,4294967296.0,4294967296.0
2025-11-11 21:51:28,20.92,44.68,100.29,145.49,4294967296.0,4294967296.0,4294967296.0
2025-11-11 21:51:29,20.93,44.67,100.29,146.51,4294967296.0,4294967296.0,4294967296.0
2025-11-11 21:51:31,20.93,44.64,100.29,146.13,4294967296.0,4294967296.0,4294967296.0
2025-11-11 21:51:33,20.96,44.64,100.29,149.4,4294967296.0,4294967296.0,4294967296.0
2025-11-11 21:51:35,20.94,44.61,100.29,145.74,4294967296.0,4294967296.0,4294967296.0
2025-11-11 21:51:37,20.93,44.62,100.29,143.24,4294967296.0,4294967296.0,4294967296.0
2025-11-11 21:51:39,20.92,44.65,100.29,142.75,4294967296.0,4294967296.0,4294967296.0
2025-11-11 21:51:41,20.91,44.66,100.29,140.11,4294967296.0,4294967296.0,4294967296.0
2025-11-11 21:51:42,20.91,44.68,100.29,140.23,4294967296.0,4294967296.0,4294967296.0
2025-11-11 21:51:44,20.93,44.69,100.29,146.51,4294967296.0,4294967296.0,4294967296.0
2025-11-11 21:51:46,20.92,44.68,100.29,142.51,4294967296.0,4294967296.0,4294967296.0
2025-11-11 21:51:47,20.94,44.69,100.29,146.13,4294967296.0,4294967296.0,4294967296.0
2025-11-11 21:51:49,20.93,44.69,100.29,145.49,4294967296.0,4294967296.0,4294967296.0
2025-11-11 21:51:52,20.92,44.7,100.29,141.78,4294967296.0,4294967296.0,4294967296.0
2025-11-11 21:51:54,20.92,44.71,100.29,139.41,4294967296.0,4294967296.0,4294967296.0
2025-11-11 21:51:56,20.91,44.76,100.29,138.71,4294967296.0,4294967296.0,4294967296.0
2025-11-11 21:51:58,20.9,44.78,100.29,137.91,4294967296.0,4294967296.0,4294967296.0
2025-11-11 21:52:00,20.9,44.81,100.29,136.67,4294967296.0,4294967296.0,4294967296.0
2025-11-11 21:52:01,20.9,44.82,100.29,140.23,4294967296.0,4294967296.0,4294967296.0
2025-11-11 21:52:04,20.91,44.81,100.29,139.99,4294967296.0,4294967296.0,4294967296.0
2025-11-11 21:52:05,20.91,44.81,100.29,138.95,4294967296.0,4294967296.0,4294967296.0
2025-11-11 21:52:06,20.93,44.81,100.29,145.74,4294967296.0,4294967296.0,4294967296.0
2025-11-11 21:52:08,20.96,44.79,100.29,147.55,4294967296.0,4294967296.0,4294967296.0
2025-11-11 21:52:10,20.96,44.75,100.29,147.55,4294967296.0,4294967296.0,4294967296.0
2025-11-11 21:52:12,20.95,44.71,100.29,146.0,4294967296.0,4294967296.0,4294967296.0
2025-11-11 21:52:14,20.95,44.72,100.29,144.11,4294967296.0,4294967296.0,4294967296.0
2025-11-11 21:52:16,20.94,44.72,100.29,143.49,4294967296.0,4294967296.0,4294967296.0
2025-11-11 21:52:18,20.93,44.75,100.29,140.59,4294967296.0,4294967296.0,4294967296.0
2025-11-11 21:52:20,20.92,44.77,100.29,138.14,4294967296.0,4294967296.0,4294967296.0
2025-11-11 21:52:22,20.91,44.79,100.29,136.9,4294967296.0,4294967296.0,4294967296.0
2025-11-11 21:52:24,20.91,44.81,100.29,136.67,4294967296.0,4294967296.0,4294967296.0
2025-11-11 21:52:26,20.9,44.82,100.29,136.34,4294967296.0,4294967296.0,4294967296.0
2025-11-11 21:52:28,20.91,44.84,100.29,137.57,4294967296.0,4294967296.0,4294967296.0
2025-11-11 21:52:30,20.91,44.82,100.29,138.95,4294967296.0,4294967296.0,4294967296.0
2025-11-11 21:52:32,20.91,44.82,100.29,136.9,4294967296.0,4294967296.0,4294967296.0
2025-11-11 21:52:35,20.9,44.81,100.29,136.11,4294967296.0,4294967296.0,4294967296.0
2025-11-11 21:52:37,20.9,44.83,100.29,135.45,4294967296.0,4294967296.0,4294967296.0
2025-11-11 21:52:39,20.9,44.82,100.3,135.45,4294967296.0,4294967296.0,4294967296.0
2025-11-11 21:52:41,20.89,44.83,100.3,136.11,4294967296.0,4294967296.0,4294967296.0
2025-11-11 21:52:43,20.89,44.84,100.3,133.93,4294967296.0,4294967296.0,4294967296.0
2025-11-11 21:52:44,20.9,44.83,100.29,136.0,4294967296.0,4294967296.0,4294967296.0
2025-11-11 21:52:46,20.92,44.84,100.29,141.06,4294967296.0,4294967296.0,4294967296.0
2025-11-11 21:52:47,20.95,44.8,100.29,146.0,4294967296.0,4294967296.0,4294967296.0
2025-11-11 21:52:48,20.98,44.76,100.29,150.07,4294967296.0,4294967296.0,4294967296.0
2025-11-11 21:52:50,21.0,44.69,100.29,151.98,4294967296.0,4294967296.0,4294967296.0
2025-11-11 21:52:51,21.01,44.65,100.29,152.26,4294967296.0,4294967296.0,4294967296.0
2025-11-11 21:52:53,21.03,44.6,100.29,155.81,4294967296.0,4294967296.0,4294967296.0
2025-11-11 21:52:55,21.01,44.56,100.29,148.07,4294967296.0,4294967296.0,4294967296.0
2025-11-11 21:52:56,20.99,44.58,100.29,147.94,4294967296.0,4294967296.0,4294967296.0
2025-11-11 21:52:58,21.0,44.6,100.29,151.29,4294967296.0,4294967296.0,4294967296.0
2025-11-11 21:53:00,21.0,44.58,100.3,149.4,4294967296.0,4294967296.0,4294967296.0
2025-11-11 21:53:01,20.98,44.58,100.3,147.03,4294967296.0,4294967296.0,4294967296.0
2025-11-11 21:53:03,20.99,44.61,100.3,148.07,4294967296.0,4294967296.0,4294967296.0
2025-11-11 21:53:05,20.98,44.61,100.3,148.33,4294967296.0,4294967296.0,4294967296.0
2025-11-11 21:53:07,20.97,44.62,100.3,147.03,4294967296.0,4294967296.0,4294967296.0
2025-11-11 21:53:08,20.97,44.64,100.3,147.42,4294967296.0,4294967296.0,4294967296.0
2025-11-11 21:53:09,20.98,44.65,100.3,148.07,4294967296.0,4294967296.0,4294967296.0
2025-11-11 21:53:11,21.0,44.65,100.3,152.82,4294967296.0,4294967296.0,4294967296.0
2025-11-11 21:53:13,21.01,44.62,100.3,153.38,4294967296.0,4294967296.0,4294967296.0
2025-11-11 21:53:14,20.99,44.65,100.3,149.13,4294967296.0,4294967296.0,4294967296.0
2025-11-11 21:53:16,21.0,44.64,100.3,150.47,4294967296.0,4294967296.0,4294967296.0
2025-11-11 21:53:18,20.99,44.64,100.3,147.03,4294967296.0,4294967296.0,4294967296.0
2025-11-11 21:53:19,21.0,44.65,100.3,150.74,4294967296.0,4294967296.0,4294967296.0
2025-11-11 21:53:22,20.99,44.63,100.3,147.81,4294967296.0,4294967296.0,4294967296.0
2025-11-11 21:53:24,20.97,44.66,100.3,143.49,4294967296.0,4294967296.0,4294967296.0
2025-11-11 21:53:26,20.96,44.71,100.3,140.82,4294967296.0,4294967296.0,4294967296.0
2025-11-11 21:53:27,20.96,44.75,100.3,141.78,4294967296.0,4294967296.0,4294967296.0
2025-11-11 21:53:30,20.95,44.79,100.3,143.49,4294967296.0,4294967296.0,4294967296.0
2025-11-11 21:53:31,20.95,44.8,100.3,143.73,4294967296.0,4294967296.0,4294967296.0
2025-11-11 21:53:32,20.97,44.78,100.3,145.36,4294967296.0,4294967296.0,4294967296.0
2025-11-11 21:53:34,20.99,44.76,100.3,150.61,4294967296.0,4294967296.0,4294967296.0
2025-11-11 21:53:36,20.98,44.71,100.3,146.25,4294967296.0,4294967296.0,4294967296.0
2025-11-11 21:53:37,20.98,44.68,100.3,144.48,4294967296.0,4294967296.0,4294967296.0
2025-11-11 21:53:39,20.99,44.71,100.3,147.94,4294967296.0,4294967296.0,4294967296.0
2025-11-11 21:53:41,20.98,44.7,100.3,145.23,4294967296.0,4294967296.0,4294967296.0
2025-11-11 21:53:43,20.99,44.72,100.3,147.81,4294967296.0,4294967296.0,4294967296.0
2025-11-11 21:53:44,20.98,44.72,100.3,144.73,4294967296.0,4294967296.0,4294967296.0
2025-11-11 21:53:47,21.0,44.75,100.3,149.93,4294967296.0,4294967296.0,4294967296.0
2025-11-11 21:53:49,20.98,44.77,100.3,143.98,4294967296.0,4294967296.0,4294967296.0
2025-11-11 21:53:51,20.97,44.81,100.31,142.63,4294967296.0,4294967296.0,4294967296.0
2025-11-11 21:53:53,20.96,44.82,100.31,140.35,4294967296.0,4294967296.0,4294967296.0
2025-11-11 21:53:55,20.95,44.86,100.31,138.6,4294967296.0,4294967296.0,4294967296.0
2025-11-11 21:53:58,20.94,44.89,100.31,138.14,4294967296.0,4294967296.0,4294967296.0
2025-11-11 21:54:00,20.93,44.96,100.31,134.9,4294967296.0,4294967296.0,4294967296.0
2025-11-11 21:54:01,20.92,45.04,100.31,134.47,4294967296.0,4294967296.0,4294967296.0
2025-11-11 21:54:03,20.94,45.06,100.31,140.35,4294967296.0,4294967296.0,4294967296.0
2025-11-11 21:54:06,20.94,45.09,100.31,138.26,4294967296.0,4294967296.0,4294967296.0
2025-11-11 21:54:07,20.92,45.2,100.31,133.39,4294967296.0,4294967296.0,4294967296.0
2025-11-11 21:54:08,20.94,45.27,100.31,139.64,4294967296.0,4294967296.0,4294967296.0
2025-11-11 21:54:11,20.95,45.27,100.31,142.87,4294967296.0,4294967296.0,4294967296.0
2025-11-11 21:54:13,20.94,45.27,100.31,140.23,4294967296.0,4294967296.0,4294967296.0
2025-11-11 21:54:14,20.94,45.3,100.31,138.49,4294967296.0,4294967296.0,4294967296.0
2025-11-11 21:54:17,20.93,45.28,100.31,139.53,4294967296.0,4294967296.0,4294967296.0
2025-11-11 21:54:18,20.92,45.25,100.31,137.01,4294967296.0,4294967296.0,4294967296.0
2025-11-11 21:54:20,20.95,45.24,100.31,141.78,4294967296.0,4294967296.0,4294967296.0
2025-11-11 21:54:22,20.94,45.18,100.31,141.06,4294967296.0,4294967296.0,4294967296.0
2025-11-11 21:54:23,20.94,45.18,100.31,141.78,4294967296.0,4294967296.0,4294967296.0
2025-11-11 21:54:25,20.96,45.16,100.31,145.11,4294967296.0,4294967296.0,4294967296.0
2025-11-11 21:54:27,20.95,45.11,100.31,143.61,4294967296.0,4294967296.0,4294967296.0
2025-11-11 21:54:28,20.96,45.1,100.31,146.25,4294967296.0,4294967296.0,4294967296.0
2025-11-11 21:54:29,20.98,45.08,100.31,148.07,4294967296.0,4294967296.0,4294967296.0
2025-11-11 21:54:31,20.99,45.04,100.31,151.02,4294967296.0,4294967296.0,4294967296.0
2025-11-11 21:54:32,20.99,45.02,100.31,148.2,4294967296.0,4294967296.0,4294967296.0
2025-11-11 21:54:34,21.0,45.03,100.31,150.61,4294967296.0,4294967296.0,4294967296.0
2025-11-11 21:54:36,21.01,45.02,100.31,151.84,4294967296.0,4294967296.0,4294967296.0
2025-11-11 21:54:37,21.0,45.04,100.31,150.47,4294967296.0,4294967296.0,4294967296.0
2025-11-11 21:54:39,21.0,45.11,100.31,149.26,4294967296.0,4294967296.0,4294967296.0
2025-11-11 21:54:41,21.0,45.22,100.31,149.4,4294967296.0,4294967296.0,4294967296.0
2025-11-11 21:54:42,20.98,45.34,100.31,146.51,4294967296.0,4294967296.0,4294967296.0
2025-11-11 21:54:44,20.98,45.38,100.31,146.51,4294967296.0,4294967296.0,4294967296.0
2025-11-11 21:54:46,20.96,45.37,100.31,145.36,4294967296.0,4294967296.0,4294967296.0
2025-11-11 21:54:48,20.97,45.38,100.31,145.11,4294967296.0,4294967296.0,4294967296.0
2025-11-11 21:54:49,20.97,45.32,100.31,146.25,4294967296.0,4294967296.0,4294967296.0
2025-11-11 21:54:51,20.97,45.23,100.31,145.62,4294967296.0,4294967296.0,4294967296.0
2025-11-11 21:54:52,20.97,45.17,100.31,147.94,4294967296.0,4294967296.0,4294967296.0
2025-11-11 21:54:54,20.98,45.12,100.31,151.29,4294967296.0,4294967296.0,4294967296.0
2025-11-11 21:54:55,20.99,45.06,100.31,152.96,4294967296.0,4294967296.0,4294967296.0
2025-11-11 21:54:56,21.01,45.05,100.31,153.8,4294967296.0,4294967296.0,4294967296.0
2025-11-11 21:54:58,21.02,45.03,100.31,156.69,4294967296.0,4294967296.0,4294967296.0
2025-11-11 21:55:00,21.04,45.0,100.31,158.63,4294967296.0,4294967296.0,4294967296.0
2025-11-11 21:55:01,21.02,44.95,100.31,153.24,4294967296.0,4294967296.0,4294967296.0
2025-11-11 21:55:03,20.99,45.0,100.31,147.16,4294967296.0,4294967296.0,4294967296.0
2025-11-11 21:55:05,21.0,45.04,100.31,151.84,4294967296.0,4294967296.0,4294967296.0
2025-11-11 21:55:07,20.98,45.07,100.31,146.51,4294967296.0,4294967296.0,4294967296.0
2025-11-11 21:55:09,20.96,45.16,100.31,143.98,4294967296.0,4294967296.0,4294967296.0
2025-11-11 21:55:11,20.95,45.26,100.31,141.06,4294967296.0,4294967296.0,4294967296.0
2025-11-11 21:55:13,20.94,45.38,100.31,137.8,4294967296.0,4294967296.0,4294967296.0
2025-11-11 21:55:15,20.94,45.97,100.31,134.68,4294967296.0,4294967296.0,4294967296.0
2025-11-11 21:55:17,20.96,46.37,100.31,136.67,4294967296.0,4294967296.0,4294967296.0
2025-11-11 21:55:19,20.97,46.5,100.31,137.8,4294967296.0,4294967296.0,4294967296.0
2025-11-11 21:55:21,20.97,46.44,100.31,136.9,4294967296.0,4294967296.0,4294967296.0
2025-11-11 21:55:23,20.98,46.31,100.31,137.91,4294967296.0,4294967296.0,4294967296.0
2025-11-11 21:55:25,20.98,46.09,100.31,136.45,4294967296.0,4294967296.0,4294967296.0
2025-11-11 21:55:27,20.98,45.9,100.31,136.0,4294967296.0,4294967296.0,4294967296.0
2025-11-11 21:55:29,20.98,45.72,100.31,136.78,4294967296.0,4294967296.0,4294967296.0
2025-11-11 21:55:31,20.98,45.57,100.31,135.34,4294967296.0,4294967296.0,4294967296.0
2025-11-11 21:55:32,21.01,45.49,100.31,141.06,4294967296.0,4294967296.0,4294967296.0
2025-11-11 21:55:34,21.02,45.35,100.31,144.98,4294967296.0,4294967296.0,4294967296.0
2025-11-11 21:55:36,21.01,45.2,100.31,141.54,4294967296.0,4294967296.0,4294967296.0
2025-11-11 21:55:39,21.01,45.11,100.31,140.94,4294967296.0,4294967296.0,4294967296.0
2025-11-11 21:55:41,21.0,45.05,100.31,138.95,4294967296.0,4294967296.0,4294967296.0
2025-11-11 21:55:43,20.99,45.0,100.31,137.01,4294967296.0,4294967296.0,4294967296.0
2025-11-11 21:55:44,21.0,44.98,100.31,140.59,4294967296.0,4294967296.0,4294967296.0
2025-11-11 21:55:45,21.03,44.93,100.31,144.98,4294967296.0,4294967296.0,4294967296.0
2025-11-11 21:55:47,21.02,44.85,100.31,145.11,4294967296.0,4294967296.0,4294967296.0
2025-11-11 21:55:48,21.04,44.83,100.31,146.77,4294967296.0,4294967296.0,4294967296.0
2025-11-11 21:55:50,21.05,44.79,100.31,150.34,4294967296.0,4294967296.0,4294967296.0
2025-11-11 21:55:51,21.04,44.7,100.3,147.03,4294967296.0,4294967296.0,4294967296.0
2025-11-11 21:55:53,21.06,44.7,100.3,151.57,4294967296.0,4294967296.0,4294967296.0
2025-11-11 21:55:54,21.07,44.67,100.3,152.96,4294967296.0,4294967296.0,4294967296.0
2025-11-11 21:55:56,21.09,44.62,100.3,153.1,4294967296.0,4294967296.0,4294967296.0
2025-11-11 21:55:57,21.09,44.58,100.3,154.94,4294967296.0,4294967296.0,4294967296.0
2025-11-11 21:55:58,21.09,44.55,100.3,157.28,4294967296.0,4294967296.0,4294967296.0
2025-11-11 21:56:00,21.1,44.53,100.3,156.1,4294967296.0,4294967296.0,4294967296.0
2025-11-11 21:56:01,21.1,44.48,100.3,158.18,4294967296.0,4294967296.0,4294967296.0
2025-11-11 21:56:03,21.11,44.46,100.3,158.93,4294967296.0,4294967296.0,4294967296.0
2025-11-11 21:56:04,21.1,44.43,100.3,157.28,4294967296.0,4294967296.0,4294967296.0
2025-11-11 21:56:06,21.08,44.41,100.3,151.84,4294967296.0,4294967296.0,4294967296.0
2025-11-11 21:56:07,21.08,44.41,100.3,155.67,4294967296.0,4294967296.0,4294967296.0
2025-11-11 21:56:08,21.1,44.39,100.3,158.78,4294967296.0,4294967296.0,4294967296.0
2025-11-11 21:56:10,21.11,44.37,100.3,160.76,4294967296.0,4294967296.0,4294967296.0
2025-11-11 21:56:11,21.12,44.33,100.3,160.15,4294967296.0,4294967296.0,4294967296.0
2025-11-11 21:56:13,21.12,44.32,100.3,160.61,4294967296.0,4294967296.0,4294967296.0
2025-11-11 21:56:15,21.1,44.3,100.3,156.54,4294967296.0,4294967296.0,4294967296.0
2025-11-11 21:56:16,21.09,44.32,100.3,156.69,4294967296.0,4294967296.0,4294967296.0
2025-11-11 21:56:17,21.09,44.32,100.3,158.18,4294967296.0,4294967296.0,4294967296.0
2025-11-11 21:56:19,21.1,44.31,100.3,160.61,4294967296.0,4294967296.0,4294967296.0
2025-11-11 21:56:21,21.09,44.29,100.3,154.23,4294967296.0,4294967296.0,4294967296.0
2025-11-11 21:56:23,21.08,44.3,100.3,153.8,4294967296.0,4294967296.0,4294967296.0
2025-11-11 21:56:24,21.07,44.33,100.3,152.54,4294967296.0,4294967296.0,4294967296.0
2025-11-11 21:56:26,21.09,44.37,100.3,156.98,4294967296.0,4294967296.0,4294967296.0
2025-11-11 21:56:28,21.07,44.41,100.3,153.24,4294967296.0,4294967296.0,4294967296.0
2025-11-11 21:56:30,21.05,44.53,100.3,148.6,4294967296.0,4294967296.0,4294967296.0
2025-11-11 21:56:32,21.04,44.69,100.3,145.23,4294967296.0,4294967296.0,4294967296.0
2025-11-11 21:56:34,21.03,44.86,100.3,143.49,4294967296.0,4294967296.0,4294967296.0
2025-11-11 21:56:36,21.03,44.96,100.3,143.49,4294967296.0,4294967296.0,4294967296.0
2025-11-11 21:56:38,21.04,45.01,100.3,142.51,4294967296.0,4294967296.0,4294967296.0
2025-11-11 21:56:40,21.03,45.04,100.3,142.51,4294967296.0,4294967296.0,4294967296.0
2025-11-11 21:56:42,21.03,45.05,100.3,142.51,4294967296.0,4294967296.0,4294967296.0
2025-11-11 21:56:44,21.03,45.06,100.3,139.18,4294967296.0,4294967296.0,4294967296.0
2025-11-11 21:56:46,21.03,45.06,100.3,142.75,4294967296.0,4294967296.0,4294967296.0
2025-11-11 21:56:47,21.04,45.04,100.3,143.24,4294967296.0,4294967296.0,4294967296.0
2025-11-11 21:56:49,21.07,45.03,100.3,147.81,4294967296.0,4294967296.0,4294967296.0
2025-11-11 21:56:51,21.05,44.95,100.3,142.38,4294967296.0,4294967296.0,4294967296.0
2025-11-11 21:56:53,21.05,44.93,100.3,141.9,4294967296.0,4294967296.0,4294967296.0
2025-11-11 21:56:55,21.04,44.9,100.3,140.11,4294967296.0,4294967296.0,4294967296.0
2025-11-11 21:56:57,21.04,44.9,100.3,139.64,4294967296.0,4294967296.0,4294967296.0
2025-11-11 21:56:59,21.03,44.87,100.3,139.88,4294967296.0,4294967296.0,4294967296.0
2025-11-11 21:57:01,21.06,44.85,100.3,145.36,4294967296.0,4294967296.0,4294967296.0
2025-11-11 21:57:02,21.06,44.82,100.3,142.14,4294967296.0,4294967296.0,4294967296.0
2025-11-11 21:57:04,21.08,44.81,100.3,146.38,4294967296.0,4294967296.0,4294967296.0
2025-11-11 21:57:06,21.08,44.77,100.3,144.98,4294967296.0,4294967296.0,4294967296.0
2025-11-11 21:57:07,21.08,44.84,100.3,145.62,4294967296.0,4294967296.0,4294967296.0
2025-11-11 21:57:08,21.1,44.9,100.3,149.26,4294967296.0,4294967296.0,4294967296.0
2025-11-11 21:57:09,21.12,44.92,100.3,150.47,4294967296.0,4294967296.0,4294967296.0
2025-11-11 21:57:11,21.14,44.92,100.29,154.8,4294967296.0,4294967296.0,4294967296.0
2025-11-11 21:57:13,21.13,44.91,100.29,149.93,4294967296.0,4294967296.0,4294967296.0
2025-11-11 21:57:15,21.11,44.91,100.29,147.29,4294967296.0,4294967296.0,4294967296.0
2025-11-11 21:57:17,21.1,44.89,100.29,145.11,4294967296.0,4294967296.0,4294967296.0
2025-11-11 21:57:19,21.09,44.87,100.29,145.11,4294967296.0,4294967296.0,4294967296.0
2025-11-11 21:57:21,21.08,44.86,100.29,144.98,4294967296.0,4294967296.0,4294967296.0
2025-11-11 21:57:23,21.08,44.84,100.29,144.11,4294967296.0,4294967296.0,4294967296.0
2025-11-11 21:57:25,21.09,44.81,100.29,144.98,4294967296.0,4294967296.0,4294967296.0
2025-11-11 21:57:26,21.08,44.75,100.29,143.73,4294967296.0,4294967296.0,4294967296.0
2025-11-11 21:57:28,21.08,44.74,100.29,144.48,4294967296.0,4294967296.0,4294967296.0
2025-11-11 21:57:30,21.08,44.74,100.29,142.14,4294967296.0,4294967296.0,4294967296.0
2025-11-11 21:57:32,21.08,44.79,100.29,145.74,4294967296.0,4294967296.0,4294967296.0
2025-11-11 21:57:33,21.08,44.83,100.29,146.0,4294967296.0,4294967296.0,4294967296.0
2025-11-11 21:57:45,21.82,44.86,100.29,151.15,4294967296.0,4294967296.0,4294967296.0
2025-11-11 21:57:46,21.66,44.86,100.29,151.43,4294967296.0,4294967296.0,4294967296.0
2025-11-11 21:57:48,21.53,44.81,100.29,150.47,4294967296.0,4294967296.0,4294967296.0
2025-11-11 21:57:49,21.44,44.75,100.29,149.93,4294967296.0,4294967296.0,4294967296.0
2025-11-11 21:57:51,21.39,44.72,100.29,152.4,4294967296.0,4294967296.0,4294967296.0
2025-11-11 21:57:53,21.33,44.65,100.29,147.55,4294967296.0,4294967296.0,4294967296.0
2025-11-11 21:57:54,21.29,44.64,100.29,149.53,4294967296.0,4294967296.0,4294967296.0
2025-11-11 21:57:56,21.29,44.63,100.29,151.98,4294967296.0,4294967296.0,4294967296.0
2025-11-11 21:57:58,21.27,44.59,100.29,154.8,4294967296.0,4294967296.0,4294967296.0
2025-11-11 21:58:25,21.76,45.02,100.29,125.75,4.0,11.0,19.0
2025-11-11 21:58:26,21.6,44.96,100.29,127.87,4.0,11.0,19.0
2025-11-11 21:58:28,21.52,44.93,100.29,132.34,4.0,11.0,19.0
2025-11-11 21:58:30,21.43,44.84,100.29,135.67,4.0,11.0,19.0
2025-11-11 21:58:31,21.36,44.77,100.29,132.86,4.0,11.0,19.0
2025-11-11 21:58:33,21.31,44.74,100.29,137.12,4.0,11.0,19.0
2025-11-11 21:58:34,21.28,44.71,100.29,138.95,4.0,11.0,19.0
2025-11-11 21:58:36,21.25,44.68,100.29,138.26,4.0,11.0,19.0
2025-11-11 21:58:38,21.24,44.73,100.29,141.9,4.0,11.0,19.0
2025-11-11 21:58:39,21.22,44.77,100.29,139.41,4.0,11.0,19.0
2025-11-11 21:58:41,21.21,44.88,100.29,140.94,4.0,11.0,19.0
2025-11-11 21:58:42,21.2,44.96,100.29,143.49,4.0,11.0,19.0
2025-11-11 21:58:43,21.22,45.03,100.29,146.13,4.0,11.0,19.0
2025-11-11 21:58:44,21.23,45.06,100.29,147.16,4.0,11.0,19.0
2025-11-11 21:58:46,21.27,45.08,100.29,151.29,4.0,11.0,19.0
2025-11-11 21:58:47,21.26,45.05,100.29,150.34,4.0,11.0,19.0
2025-11-11 21:58:49,21.25,45.03,100.29,151.57,4.0,11.0,19.0
2025-11-11 21:58:50,21.25,45.02,100.29,152.12,4.0,11.0,19.0
2025-11-11 21:58:51,21.28,45.01,100.29,154.23,4.0,11.0,19.0
2025-11-11 21:58:52,21.26,44.96,100.29,153.8,4.0,11.0,19.0
2025-11-11 21:58:54,21.29,44.96,100.29,155.38,4.0,11.0,19.0
2025-11-11 21:58:55,21.27,44.89,100.29,153.8,4.0,11.0,19.0
2025-11-11 21:58:57,21.28,44.88,100.29,157.28,4.0,11.0,19.0
2025-11-11 21:58:58,21.26,44.86,100.29,155.23,4.0,11.0,19.0
2025-11-11 21:58:59,21.27,44.88,100.29,156.1,4.0,11.0,19.0
2025-11-11 21:59:00,21.29,44.91,100.29,158.93,4.0,11.0,19.0
2025-11-11 21:59:02,21.29,44.96,100.29,158.63,4.0,11.0,19.0
2025-11-11 21:59:04,21.26,45.04,100.29,152.12,4.0,11.0,19.0
2025-11-11 21:59:06,21.24,45.13,100.29,151.84,4.0,11.0,19.0
2025-11-11 21:59:08,21.22,45.21,100.29,149.13,4.0,11.0,19.0
2025-11-11 21:59:09,21.2,45.23,100.29,147.55,4.0,11.0,19.0
2025-11-11 21:59:11,21.19,45.26,100.29,144.6,4.0,11.0,19.0
2025-11-11 21:59:12,21.21,45.31,100.29,150.47,4.0,11.0,19.0
2025-11-11 21:59:13,21.24,45.35,100.29,154.09,4.0,11.0,19.0
2025-11-11 21:59:15,21.26,45.37,100.29,156.4,4.0,11.0,19.0
2025-11-11 21:59:16,21.24,45.34,100.29,153.52,4.0,11.0,19.0
2025-11-11 21:59:18,21.24,45.34,100.29,155.52,4.0,11.0,19.0
2025-11-11 21:59:20,21.23,45.28,100.29,152.96,4.0,11.0,19.0
2025-11-11 21:59:21,21.21,45.22,100.29,150.74,4.0,11.0,19.0
2025-11-11 21:59:22,21.24,45.2,100.29,153.52,4.0,11.0,19.0
2025-11-11 21:59:24,21.23,45.1,100.29,153.52,4.0,11.0,19.0
2025-11-11 21:59:26,21.21,45.03,100.29,151.15,4.0,11.0,19.0
2025-11-11 21:59:27,21.24,45.02,100.29,154.09,4.0,11.0,19.0
2025-11-11 21:59:29,21.24,44.94,100.29,154.66,4.0,11.0,19.0
2025-11-11 21:59:30,21.53,46.69,100.29,119.97,4.0,11.0,19.0
2025-11-11 21:59:32,21.68,50.35,100.29,107.32,4.0,11.0,19.0
2025-11-11 21:59:34,21.69,55.66,100.29,96.74,4.0,11.0,19.0
2025-11-11 21:59:35,21.67,60.3,100.29,91.96,4.0,11.0,19.0
2025-11-11 21:59:37,21.66,63.86,100.29,87.61,4.0,11.0,19.0
2025-11-11 21:59:39,21.65,66.3,100.29,85.29,4.0,11.0,19.0
2025-11-11 21:59:40,21.65,67.35,100.29,86.17,4.0,11.0,19.0
2025-11-11 21:59:42,21.64,67.57,100.29,88.26,4.0,11.0,19.0
2025-11-11 21:59:43,21.64,66.91,100.29,91.16,4.0,11.0,19.0
2025-11-11 21:59:45,21.67,66.0,100.29,96.24,4.0,11.0,19.0
2025-11-11 21:59:46,21.66,64.14,100.29,99.15,4.0,11.0,19.0
2025-11-11 21:59:47,21.66,62.21,100.29,103.07,4.0,11.0,19.0
2025-11-11 21:59:48,21.68,60.85,100.29,110.51,4.0,11.0,19.0
2025-11-11 21:59:50,21.71,59.48,100.29,116.61,4.0,11.0,19.0
2025-11-11 21:59:52,21.69,57.6,100.29,117.77,4.0,11.0,19.0
2025-11-11 21:59:53,21.66,55.72,100.29,118.27,4.0,11.0,19.0
2025-11-11 21:59:55,21.65,54.41,100.29,120.49,4.0,11.0,19.0
2025-11-11 21:59:56,21.63,53.25,100.29,123.61,4.0,11.0,19.0
2025-11-11 21:59:58,21.62,52.3,100.29,126.9,4.0,11.0,19.0
2025-11-11 21:59:59,21.6,51.35,100.29,127.29,4.0,11.0,19.0
2025-11-11 22:00:01,21.58,50.56,100.29,129.26,4.0,11.0,19.0
2025-11-11 22:00:02,21.58,49.96,100.29,132.34,4.0,11.0,19.0
2025-11-11 22:00:04,21.56,49.33,100.29,132.44,4.0,11.0,19.0
2025-11-11 22:00:06,21.53,48.76,100.29,132.44,4.0,11.0,19.0
2025-11-11 22:00:07,21.53,48.38,100.29,134.9,4.0,11.0,19.0
2025-11-11 22:00:08,21.52,48.03,100.29,136.67,4.0,11.0,19.0
2025-11-11 22:00:09,21.55,47.8,100.29,141.42,4.0,11.0,19.0
2025-11-11 22:00:10,21.57,47.54,100.29,144.98,4.0,11.0,19.0
2025-11-11 22:00:11,21.58,47.3,100.29,148.2,4.0,11.0,19.0
2025-11-11 22:00:13,21.6,47.09,100.29,150.88,4.0,11.0,19.0
2025-11-11 22:00:15,21.56,46.78,100.29,146.51,4.0,11.0,19.0
2025-11-11 22:00:17,21.52,46.59,100.29,143.24,4.0,11.0,19.0
2025-11-11 22:00:19,21.49,46.42,100.29,141.3,4.0,11.0,19.0
2025-11-11 22:00:20,21.46,46.28,100.29,139.76,4.0,11.0,19.0
2025-11-11 22:00:22,21.44,46.16,100.29,139.29,4.0,11.0,19.0
2025-11-11 22:00:23,21.42,46.05,100.29,138.6,4.0,11.0,19.0
2025-11-11 22:00:25,21.44,46.01,100.29,144.35,4.0,11.0,19.0
2025-11-11 22:00:36,22.01,45.41,100.28,145.36,4.0,11.0,19.0
2025-11-11 22:00:38,21.84,45.35,100.28,142.51,4.0,11.0,19.0
2025-11-11 22:00:39,21.73,45.36,100.28,144.86,4.0,11.0,19.0
2025-11-11 22:00:41,21.64,45.31,100.28,145.49,4.0,11.0,19.0
2025-11-11 22:00:43,21.56,45.25,100.28,144.48,4.0,11.0,19.0
2025-11-11 22:00:44,21.5,45.2,100.28,141.18,4.0,11.0,19.0
2025-11-11 22:00:46,21.45,45.16,100.28,141.66,4.0,11.0,19.0
2025-11-11 22:00:47,21.45,45.16,100.28,147.16,4.0,11.0,19.0
2025-11-11 22:00:48,21.43,45.08,100.28,146.9,4.0,11.0,19.0
2025-11-11 22:00:50,21.43,45.04,100.28,150.34,4.0,11.0,19.0
2025-11-11 22:00:51,21.43,44.98,100.28,151.29,4.0,11.0,19.0
2025-11-11 22:00:53,21.41,44.93,100.28,150.74,4.0,11.0,19.0
2025-11-11 22:00:54,21.4,44.91,100.28,151.57,4.0,11.0,19.0
2025-11-11 22:00:56,21.38,44.87,100.28,148.99,4.0,11.0,19.0
2025-11-11 22:00:57,21.35,44.84,100.28,147.03,4.0,11.0,19.0
2025-11-11 22:00:58,21.38,44.84,100.28,151.43,4.0,11.0,19.0
2025-11-11 22:00:59,21.41,44.82,100.28,154.94,4.0,11.0,19.0
2025-11-11 22:01:01,21.43,44.75,100.28,156.69,4.0,11.0,19.0
2025-11-11 22:01:02,21.44,44.71,100.28,159.54,4.0,11.0,19.0
2025-11-11 22:01:03,21.45,44.67,100.28,160.61,4.0,11.0,19.0
2025-11-11 22:01:04,21.48,44.66,100.28,162.8,4.0,11.0,19.0
2025-11-11 22:01:05,21.49,44.64,100.28,164.41,4.0,11.0,19.0
2025-11-11 22:01:06,21.49,44.59,100.28,165.39,4.0,11.0,19.0
2025-11-11 22:01:07,21.48,44.54,100.28,163.76,4.0,11.0,19.0
2025-11-11 22:01:09,21.48,44.53,100.28,164.9,4.0,11.0,19.0
2025-11-11 22:01:10,21.47,44.49,100.28,164.09,4.0,11.0,19.0
2025-11-11 22:01:11,21.49,44.48,100.28,167.21,4.0,11.0,19.0
2025-11-11 22:01:12,21.49,44.46,100.28,167.38,4.0,11.0,19.0
2025-11-11 22:01:13,21.51,44.41,100.28,169.24,4.0,11.0,19.0
2025-11-11 22:01:14,21.51,44.38,100.28,170.45,4.0,11.0,19.0
2025-11-11 22:01:15,21.53,44.35,100.28,171.51,4.0,11.0,19.0
2025-11-11 22:01:16,21.52,44.3,100.28,170.28,4.0,11.0,19.0
2025-11-11 22:01:18,21.51,44.27,100.28,169.42,4.0,11.0,19.0
2025-11-11 22:01:18,21.49,44.26,100.28,168.05,4.0,11.0,19.0
2025-11-11 22:01:20,21.51,44.25,100.28,171.15,4.0,11.0,19.0
2025-11-11 22:01:21,21.48,44.22,100.28,167.04,4.0,11.0,19.0
2025-11-11 22:01:23,21.46,44.3,100.28,163.44,4.0,11.0,19.0
2025-11-11 22:01:24,21.44,44.36,100.28,165.22,4.0,11.0,19.0
2025-11-11 22:01:25,21.46,44.39,100.28,167.38,4.0,11.0,19.0
2025-11-11 22:01:26,21.47,44.39,100.28,168.39,4.0,11.0,19.0
2025-11-11 22:01:27,21.49,44.36,100.28,170.8,4.0,11.0,19.0
2025-11-11 22:01:28,21.5,44.35,100.28,171.86,4.0,11.0,19.0
2025-11-11 22:01:29,21.51,44.32,100.28,174.01,4.0,11.0,19.0
2025-11-11 22:01:30,21.52,44.28,100.28,174.37,4.0,11.0,19.0
2025-11-11 22:01:31,21.53,44.23,100.28,174.74,4.0,11.0,19.0
2025-11-11 22:01:32,21.51,44.19,100.28,173.11,4.0,11.0,19.0
2025-11-11 22:01:34,21.52,44.17,100.28,175.1,4.0,11.0,19.0
2025-11-11 22:01:34,21.5,44.14,100.28,173.65,4.0,11.0,19.0
2025-11-11 22:01:36,21.51,44.12,100.28,175.47,4.0,11.0,19.0
2025-11-11 22:01:37,21.51,44.1,100.28,175.1,4.0,11.0,19.0
2025-11-11 22:01:38,21.5,44.09,100.28,171.51,4.0,11.0,19.0
2025-11-11 22:01:39,21.51,44.09,100.28,175.29,4.0,11.0,19.0
2025-11-11 22:01:40,21.5,44.06,100.28,174.01,4.0,11.0,19.0
2025-11-11 22:01:41,21.5,44.05,100.28,174.37,4.0,11.0,19.0
2025-11-11 22:01:42,21.5,44.03,100.28,175.84,4.0,11.0,19.0
2025-11-11 22:01:43,21.51,44.03,100.28,177.71,4.0,11.0,19.0
2025-11-11 22:01:45,21.52,44.02,100.28,178.09,4.0,11.0,19.0
2025-11-11 22:01:46,21.47,44.02,100.28,167.88,4.0,11.0,19.0
2025-11-11 22:01:48,21.46,44.08,100.28,170.11,4.0,11.0,19.0
2025-11-11 22:01:49,21.45,44.1,100.28,169.42,4.0,11.0,19.0
2025-11-11 22:01:50,21.44,44.1,100.28,171.15,4.0,11.0,19.0
2025-11-11 22:01:51,21.44,44.12,100.28,171.15,4.0,11.0,19.0
2025-11-11 22:01:52,21.45,44.12,100.28,174.37,4.0,11.0,19.0
2025-11-11 22:01:53,21.46,44.11,100.28,174.01,4.0,11.0,19.0
2025-11-11 22:01:55,21.45,44.09,100.28,172.57,4.0,11.0,19.0
2025-11-11 22:01:56,21.45,44.1,100.28,172.93,4.0,11.0,19.0
2025-11-11 22:01:57,21.44,44.17,100.28,171.51,4.0,11.0,19.0
2025-11-11 22:01:58,21.46,44.24,100.28,174.01,4.0,11.0,19.0
2025-11-11 22:01:59,21.47,44.3,100.28,175.66,4.0,11.0,19.0
2025-11-11 22:02:00,21.49,44.37,100.28,176.59,4.0,11.0,19.0
2025-11-11 22:02:01,21.49,44.44,100.28,175.47,4.0,11.0,19.0
2025-11-11 22:02:02,21.5,44.48,100.28,175.66,4.0,11.0,19.0
2025-11-11 22:02:03,21.51,44.54,100.28,177.9,4.0,11.0,19.0
2025-11-11 22:02:04,21.52,44.6,100.28,178.48,4.0,11.0,19.0
2025-11-11 22:02:05,21.51,44.68,100.28,176.21,4.0,11.0,19.0
2025-11-11 22:02:06,21.52,44.78,100.28,177.71,4.0,11.0,19.0
2025-11-11 22:02:07,21.52,44.88,100.28,177.34,4.0,11.0,19.0
2025-11-11 22:02:08,21.52,44.94,100.28,178.86,4.0,11.0,19.0
2025-11-11 22:02:09,21.52,44.99,100.28,179.43,4.0,11.0,19.0
2025-11-11 22:02:11,21.53,45.05,100.28,178.48,4.0,11.0,19.0
2025-11-11 22:02:12,21.5,45.09,100.28,175.1,4.0,11.0,19.0
2025-11-11 22:02:13,21.49,45.12,100.28,176.77,4.0,11.0,19.0
2025-11-11 22:02:14,21.49,45.14,100.28,176.96,4.0,11.0,19.0
2025-11-11 22:02:15,21.49,45.14,100.28,176.77,4.0,11.0,19.0
2025-11-11 22:02:16,21.5,45.15,100.28,177.71,4.0,11.0,19.0
2025-11-11 22:02:17,21.5,45.13,100.28,178.86,4.0,11.0,19.0
2025-11-11 22:02:18,21.5,45.15,100.28,179.63,4.0,11.0,19.0
2025-11-11 22:02:19,21.49,45.21,100.28,177.15,4.0,11.0,19.0
2025-11-11 22:02:20,21.5,45.34,100.28,177.71,4.0,11.0,19.0
2025-11-11 22:02:21,21.49,45.47,100.28,176.21,4.0,11.0,19.0
2025-11-11 22:02:22,21.49,45.56,100.28,178.09,4.0,11.0,19.0
2025-11-11 22:02:23,21.49,45.61,100.28,176.96,4.0,11.0,19.0
2025-11-11 22:02:24,21.49,45.67,100.28,177.34,4.0,11.0,19.0
2025-11-11 22:02:25,21.49,45.74,100.28,177.53,4.0,11.0,19.0
2025-11-11 22:02:26,21.48,45.83,100.28,176.4,4.0,11.0,19.0
2025-11-11 22:02:28,21.48,45.93,100.28,176.96,4.0,11.0,19.0
2025-11-11 22:02:29,21.48,46.02,100.28,177.34,4.0,11.0,19.0
2025-11-11 22:02:30,21.48,46.08,100.28,176.96,4.0,11.0,19.0
2025-11-11 22:02:31,21.48,46.12,100.28,176.96,4.0,11.0,19.0
2025-11-11 22:02:32,21.49,46.16,100.28,178.09,4.0,11.0,19.0
2025-11-11 22:02:33,21.49,46.17,100.28,178.48,4.0,11.0,19.0
2025-11-11 22:02:34,21.48,46.17,100.28,177.15,4.0,11.0,19.0
2025-11-11 22:02:35,21.46,46.08,100.28,174.92,4.0,11.0,19.0
2025-11-11 22:02:36,21.43,45.98,100.28,173.83,4.0,11.0,19.0
2025-11-11 22:02:37,21.44,45.88,100.28,175.84,4.0,11.0,19.0
2025-11-11 22:02:38,21.45,45.78,100.28,178.29,4.0,11.0,19.0
2025-11-11 22:02:40,21.45,45.65,100.28,178.86,4.0,11.0,19.0
2025-11-11 22:02:41,21.45,45.5,100.28,179.63,4.0,11.0,19.0
2025-11-11 22:02:42,21.44,45.36,100.28,178.48,4.0,11.0,19.0
2025-11-11 22:02:43,21.42,45.2,100.28,177.34,4.0,11.0,19.0
2025-11-11 22:02:44,21.43,45.12,100.28,179.63,4.0,11.0,19.0
2025-11-11 22:02:45,21.44,45.03,100.28,180.4,4.0,11.0,19.0
2025-11-11 22:02:46,21.44,44.92,100.28,178.29,4.0,11.0,19.0
2025-11-11 22:02:47,21.43,44.81,100.28,179.43,4.0,11.0,19.0
2025-11-11 22:02:48,21.44,44.74,100.28,179.43,4.0,11.0,19.0
2025-11-11 22:02:49,21.45,44.69,100.28,180.8,4.0,11.0,19.0
2025-11-11 22:02:50,21.46,44.63,100.28,183.58,4.0,11.0,19.0
2025-11-11 22:02:51,21.47,44.57,100.28,183.78,4.0,11.0,19.0
2025-11-11 22:02:52,21.48,44.5,100.28,184.8,4.0,11.0,19.0
2025-11-11 22:02:53,21.48,44.45,100.28,184.8,4.0,11.0,19.0
2025-11-11 22:02:54,21.48,44.4,100.28,184.39,4.0,11.0,19.0
2025-11-11 22:02:56,21.48,44.37,100.28,185.21,4.0,11.0,19.0
2025-11-11 22:02:57,21.48,44.33,100.28,184.8,4.0,11.0,19.0
2025-11-11 22:02:58,21.47,44.34,100.28,182.98,4.0,11.0,19.0
2025-11-11 22:02:59,21.47,44.38,100.28,183.99,4.0,11.0,19.0
2025-11-11 22:03:00,21.46,44.43,100.28,183.38,4.0,11.0,19.0
2025-11-11 22:03:01,21.46,44.47,100.28,181.98,4.0,11.0,19.0
2025-11-11 22:03:02,21.46,44.48,100.28,182.98,4.0,11.0,19.0
2025-11-11 22:03:03,21.47,44.48,100.28,185.21,4.0,11.0,19.0
2025-11-11 22:03:04,21.46,44.48,100.28,183.38,4.0,11.0,19.0
2025-11-11 22:03:05,21.46,44.49,100.28,184.39,4.0,11.0,19.0
2025-11-11 22:03:06,21.46,44.53,100.28,180.8,4.0,11.0,19.0
2025-11-11 22:03:07,21.46,44.6,100.28,182.78,4.0,11.0,19.0
2025-11-11 22:03:08,21.46,44.68,100.28,182.78,4.0,11.0,19.0
2025-11-11 22:03:10,21.46,44.78,100.28,182.78,4.0,11.0,19.0
2025-11-11 22:03:11,21.45,44.84,100.28,182.38,4.0,11.0,19.0
2025-11-11 22:03:12,21.44,44.84,100.28,179.63,4.0,11.0,19.0
2025-11-11 22:03:13,21.42,44.83,100.28,179.43,4.0,11.0,19.0
2025-11-11 22:03:14,21.43,44.78,100.28,182.78,4.0,11.0,19.0
2025-11-11 22:03:15,21.42,44.73,100.28,180.8,4.0,11.0,19.0
2025-11-11 22:03:17,21.41,44.68,100.28,180.8,4.0,11.0,19.0
2025-11-11 22:03:18,21.4,44.63,100.28,179.24,4.0,11.0,19.0
2025-11-11 22:03:19,21.41,44.58,100.28,181.58,4.0,11.0,19.0
2025-11-11 22:03:20,21.42,44.53,100.28,180.21,4.0,11.0,19.0
2025-11-11 22:03:21,21.43,44.49,100.28,183.58,4.0,11.0,19.0
2025-11-11 22:03:22,21.44,44.45,100.28,183.78,4.0,11.0,19.0
2025-11-11 22:03:23,21.45,44.39,100.28,185.83,4.0,11.0,19.0
2025-11-11 22:03:24,21.45,44.35,100.28,184.39,4.0,11.0,19.0
2025-11-11 22:03:25,21.45,44.32,100.28,184.79,4.0,11.0,19.0
2025-11-11 22:03:26,21.45,44.29,100.28,185.21,4.0,11.0,19.0
2025-11-11 22:03:27,21.44,44.27,100.28,183.99,4.0,11.0,19.0
2025-11-11 22:03:28,21.45,44.25,100.28,185.62,4.0,11.0,19.0
2025-11-11 22:03:29,21.46,44.24,100.28,185.21,4.0,11.0,19.0
2025-11-11 22:03:30,21.46,44.23,100.28,186.04,4.0,11.0,19.0
2025-11-11 22:03:31,21.47,44.21,100.28,185.62,4.0,11.0,19.0
2025-11-11 22:03:32,21.47,44.18,100.28,185.62,4.0,11.0,19.0
2025-11-11 22:03:34,21.47,44.16,100.28,186.36,4.0,11.0,19.0
2025-11-11 22:03:35,21.46,44.14,100.28,184.39,4.0,11.0,19.0
2025-11-11 22:03:36,21.45,44.11,100.28,183.78,4.0,11.0,19.0
2025-11-11 22:03:37,21.45,44.12,100.28,184.8,4.0,11.0,19.0
2025-11-11 22:03:38,21.45,44.08,100.28,185.41,4.0,11.0,19.0
2025-11-11 22:03:39,21.46,44.07,100.28,185.73,4.0,11.0,19.0
2025-11-11 22:03:40,21.47,44.05,100.28,185.94,4.0,11.0,19.0
2025-11-11 22:03:41,21.46,44.0,100.28,185.1,4.0,11.0,19.0
2025-11-11 22:03:42,21.44,43.98,100.27,184.19,4.0,11.0,19.0
2025-11-11 22:03:43,21.45,43.97,100.28,186.04,4.0,11.0,19.0
2025-11-11 22:03:45,21.45,43.96,100.28,185.94,4.0,11.0,19.0
2025-11-11 22:03:46,21.43,43.94,100.28,183.18,4.0,11.0,19.0
2025-11-11 22:03:47,21.43,43.94,100.28,185.42,4.0,11.0,19.0
2025-11-11 22:03:48,21.41,43.95,100.28,181.38,4.0,11.0,19.0
2025-11-11 22:03:49,21.42,43.98,100.27,183.18,4.0,11.0,19.0
2025-11-11 22:03:50,21.42,44.0,100.28,183.18,4.0,11.0,19.0
2025-11-11 22:03:51,21.42,43.98,100.28,184.6,4.0,11.0,19.0
2025-11-11 22:03:53,21.43,43.98,100.28,184.8,4.0,11.0,19.0
2025-11-11 22:03:54,21.41,43.96,100.28,182.98,4.0,11.0,19.0
2025-11-11 22:03:55,21.42,43.97,100.27,184.8,4.0,11.0,19.0
2025-11-11 22:03:56,21.42,43.94,100.28,184.39,4.0,11.0,19.0
2025-11-11 22:03:57,21.43,43.94,100.28,184.79,4.0,11.0,19.0
2025-11-11 22:03:58,21.44,43.92,100.27,185.83,4.0,11.0,19.0
2025-11-11 22:03:59,21.45,43.92,100.27,185.62,4.0,11.0,19.0
2025-11-11 22:04:00,21.45,43.89,100.27,185.2,4.0,11.0,19.0
2025-11-11 22:04:01,21.46,43.86,100.27,187.32,4.0,11.0,19.0
2025-11-11 22:04:02,21.46,43.86,100.27,186.89,4.0,11.0,19.0
2025-11-11 22:04:03,21.45,43.85,100.27,186.04,4.0,11.0,19.0
2025-11-11 22:04:05,21.43,43.83,100.27,184.6,4.0,11.0,19.0
2025-11-11 22:04:06,21.42,43.84,100.27,183.18,4.0,11.0,19.0
2025-11-11 22:04:07,21.4,43.86,100.27,183.18,4.0,11.0,19.0
2025-11-11 22:04:08,21.41,43.87,100.27,184.8,4.0,11.0,19.0
2025-11-11 22:04:09,21.42,43.87,100.27,185.01,4.0,11.0,19.0
2025-11-11 22:04:10,21.42,43.85,100.27,185.42,4.0,11.0,19.0
2025-11-11 22:04:11,21.42,43.84,100.27,185.62,4.0,11.0,19.0
2025-11-11 22:04:12,21.41,43.82,100.27,183.78,4.0,11.0,19.0
2025-11-11 22:04:13,21.41,43.84,100.27,185.42,4.0,11.0,19.0
2025-11-11 22:04:14,21.42,43.83,100.27,185.41,4.0,11.0,19.0
2025-11-11 22:04:15,21.43,43.82,100.27,184.79,4.0,11.0,19.0
2025-11-11 22:04:17,21.43,43.81,100.27,185.52,4.0,11.0,19.0
2025-11-11 22:04:18,21.44,43.8,100.27,186.68,4.0,11.0,19.0
2025-11-11 22:04:19,21.43,43.78,100.27,184.79,4.0,11.0,19.0
2025-11-11 22:04:20,21.43,43.77,100.27,185.41,4.0,11.0,19.0
2025-11-11 22:04:21,21.44,43.77,100.27,186.25,4.0,11.0,19.0
2025-11-11 22:04:22,21.45,43.76,100.27,187.75,4.0,11.0,19.0
2025-11-11 22:04:23,21.45,43.74,100.27,187.75,4.0,11.0,19.0
2025-11-11 22:04:24,21.45,43.73,100.27,188.07,4.0,11.0,19.0
2025-11-11 22:04:26,21.43,43.72,100.27,185.73,4.0,11.0,19.0
2025-11-11 22:04:27,21.41,43.71,100.27,185.21,4.0,11.0,19.0
2025-11-11 22:04:28,21.4,43.71,100.27,183.78,4.0,11.0,19.0
2025-11-11 22:04:29,21.41,43.73,100.27,185.21,4.0,11.0,19.0
2025-11-11 22:04:30,21.41,43.72,100.27,185.62,4.0,11.0,19.0
2025-11-11 22:04:31,21.42,43.73,100.27,186.25,4.0,11.0,19.0
2025-11-11 22:04:32,21.43,43.73,100.27,186.47,4.0,11.0,19.0
2025-11-11 22:04:33,21.44,43.73,100.27,186.89,4.0,11.0,19.0
2025-11-11 22:04:34,21.45,43.74,100.27,186.89,4.0,11.0,19.0
2025-11-11 22:04:35,21.45,43.74,100.27,187.85,4.0,11.0,19.0
2025-11-11 22:04:36,21.46,43.75,100.27,187.96,4.0,11.0,19.0
2025-11-11 22:04:37,21.46,43.74,100.27,187.85,4.0,11.0,19.0
2025-11-11 22:04:38,21.45,43.73,100.27,187.53,4.0,11.0,19.0
2025-11-11 22:04:40,21.44,43.72,100.27,185.1,4.0,11.0,19.0
2025-11-11 22:04:41,21.42,43.73,100.27,185.42,4.0,11.0,19.0
2025-11-11 22:04:42,21.43,43.73,100.27,184.39,4.0,11.0,19.0
2025-11-11 22:04:43,21.42,43.76,100.27,185.62,4.0,11.0,19.0
2025-11-11 22:04:44,21.41,43.82,100.27,183.38,4.0,11.0,19.0
2025-11-11 22:04:45,21.42,43.9,100.27,185.62,4.0,11.0,19.0
2025-11-11 22:04:46,21.42,43.93,100.27,184.79,4.0,11.0,19.0
2025-11-11 22:04:48,21.41,43.92,100.27,184.39,4.0,11.0,19.0
2025-11-11 22:04:49,21.4,43.92,100.27,182.98,4.0,11.0,19.0
2025-11-11 22:04:50,21.41,43.93,100.27,185.62,4.0,11.0,19.0
2025-11-11 22:04:51,21.42,43.91,100.27,186.36,4.0,11.0,19.0
2025-11-11 22:04:52,21.43,43.9,100.27,186.89,4.0,11.0,19.0
2025-11-11 22:04:53,21.44,43.87,100.27,186.68,4.0,11.0,19.0
2025-11-11 22:04:54,21.45,43.84,100.27,187.96,4.0,11.0,19.0
2025-11-11 22:04:55,21.45,43.8,100.27,187.32,4.0,11.0,19.0
2025-11-11 22:04:57,21.42,43.78,100.27,184.19,4.0,11.0,19.0
2025-11-11 22:04:57,21.4,43.79,100.27,182.98,4.0,11.0,19.0
2025-11-11 22:04:59,21.41,43.79,100.27,185.21,4.0,11.0,19.0
2025-11-11 22:05:00,21.41,43.78,100.27,185.21,4.0,11.0,19.0
2025-11-11 22:05:01,21.42,43.75,100.27,185.52,4.0,11.0,19.0
2025-11-11 22:05:02,21.42,43.73,100.27,185.2,4.0,11.0,19.0
2025-11-11 22:05:03,21.42,43.73,100.27,185.62,4.0,11.0,19.0
2025-11-11 22:05:04,21.43,43.72,100.27,187.21,4.0,11.0,19.0
2025-11-11 22:05:05,21.44,43.7,100.27,188.72,4.0,11.0,19.0
2025-11-11 22:05:06,21.45,43.7,100.27,188.39,4.0,11.0,19.0
2025-11-11 22:05:07,21.45,43.69,100.27,188.18,4.0,11.0,19.0
2025-11-11 22:05:08,21.46,43.67,100.27,189.04,4.0,11.0,19.0
2025-11-11 22:05:09,21.46,43.65,100.27,189.04,4.0,11.0,19.0
2025-11-11 22:05:10,21.46,43.65,100.27,188.18,4.0,11.0,19.0
2025-11-11 22:05:11,21.47,43.64,100.27,189.59,4.0,11.0,19.0
2025-11-11 22:05:12,21.45,43.63,100.27,187.21,4.0,11.0,19.0
2025-11-11 22:05:13,21.45,43.63,100.27,188.39,4.0,11.0,19.0
2025-11-11 22:05:14,21.46,43.64,100.27,189.26,4.0,11.0,19.0
2025-11-11 22:05:15,21.46,43.64,100.27,188.18,4.0,11.0,19.0
2025-11-11 22:05:17,21.46,43.64,100.27,189.04,4.0,11.0,19.0
2025-11-11 22:05:17,21.47,43.62,100.27,189.81,4.0,11.0,19.0
2025-11-11 22:05:19,21.47,43.64,100.27,190.47,4.0,11.0,19.0
2025-11-11 22:05:20,21.47,43.62,100.27,188.5,4.0,11.0,19.0
2025-11-11 22:05:21,21.47,43.69,100.27,187.75,4.0,11.0,19.0
2025-11-11 22:05:22,21.47,43.76,100.27,187.96,4.0,11.0,19.0
2025-11-11 22:05:23,21.48,43.88,100.27,185.83,4.0,11.0,19.0
2025-11-11 22:05:24,21.46,43.97,100.27,185.62,4.0,11.0,19.0
2025-11-11 22:05:25,21.46,44.06,100.27,184.79,4.0,11.0,19.0
2025-11-11 22:05:26,21.46,44.15,100.27,184.99,4.0,11.0,19.0
2025-11-11 22:05:27,21.47,44.24,100.27,185.83,4.0,11.0,19.0
2025-11-11 22:05:28,21.47,44.33,100.27,186.04,4.0,11.0,19.0
2025-11-11 22:05:29,21.46,44.42,100.27,185.41,4.0,11.0,19.0
2025-11-11 22:05:30,21.46,44.47,100.27,185.62,4.0,11.0,19.0
2025-11-11 22:05:31,21.46,44.49,100.27,185.52,4.0,11.0,19.0
2025-11-11 22:05:33,21.46,44.5,100.27,185.83,4.0,11.0,19.0
2025-11-11 22:05:33,21.47,44.48,100.27,185.94,4.0,11.0,19.0
2025-11-11 22:05:35,21.47,44.45,100.27,185.62,4.0,11.0,19.0
2025-11-11 22:05:36,21.46,44.44,100.27,187.53,4.0,11.0,19.0
2025-11-11 22:05:37,21.47,44.4,100.27,186.04,4.0,11.0,19.0
2025-11-11 22:05:38,21.46,44.33,100.27,185.62,4.0,11.0,19.0
2025-11-11 22:05:39,21.45,44.3,100.27,185.83,4.0,11.0,19.0
2025-11-11 22:05:40,21.45,44.26,100.27,186.47,4.0,11.0,19.0
2025-11-11 22:05:41,21.43,44.23,100.27,186.24,4.0,11.0,19.0
2025-11-11 22:05:42,21.43,44.2,100.27,184.79,4.0,11.0,19.0
2025-11-11 22:05:44,21.43,44.19,100.27,185.41,4.0,11.0,19.0
2025-11-11 22:05:45,21.43,44.15,100.27,184.99,4.0,11.0,19.0
2025-11-11 22:05:46,21.42,44.11,100.27,184.99,4.0,11.0,19.0
2025-11-11 22:05:47,21.43,44.1,100.27,186.57,4.0,11.0,19.0
2025-11-11 22:05:48,21.43,44.07,100.27,186.04,4.0,11.0,19.0
2025-11-11 22:05:49,21.44,44.06,100.27,186.47,4.0,11.0,19.0
2025-11-11 22:05:50,21.43,44.04,100.27,185.83,4.0,11.0,19.0
2025-11-11 22:05:52,21.42,44.03,100.27,184.39,4.0,11.0,19.0
2025-11-11 22:05:53,21.41,44.05,100.27,183.99,4.0,11.0,19.0
2025-11-11 22:05:54,21.4,44.03,100.27,183.18,4.0,11.0,19.0
2025-11-11 22:05:55,21.4,44.04,100.27,183.78,4.0,11.0,19.0
2025-11-11 22:05:56,21.41,44.03,100.27,185.41,4.0,11.0,19.0
2025-11-11 22:05:57,21.4,44.02,100.27,184.6,4.0,11.0,19.0
2025-11-11 22:05:58,21.41,44.02,100.27,186.04,4.0,11.0,19.0
2025-11-11 22:05:59,21.39,44.0,100.27,182.98,4.0,11.0,19.0
2025-11-11 22:06:01,21.4,44.0,100.27,185.21,4.0,11.0,19.0
2025-11-11 22:06:02,21.39,43.98,100.27,184.89,4.0,11.0,19.0
2025-11-11 22:06:03,21.39,43.95,100.27,184.6,4.0,11.0,19.0
2025-11-11 22:06:04,21.4,43.95,100.27,184.99,4.0,11.0,19.0
2025-11-11 22:06:05,21.4,43.93,100.27,185.42,4.0,11.0,19.0
2025-11-11 22:06:06,21.4,43.9,100.27,184.99,4.0,11.0,19.0
2025-11-11 22:06:07,21.41,43.9,100.27,187.1,4.0,11.0,19.0
2025-11-11 22:06:08,21.42,43.87,100.27,185.21,4.0,11.0,19.0
2025-11-11 22:06:10,21.41,43.85,100.27,186.68,4.0,11.0,19.0
2025-11-11 22:06:11,21.4,43.83,100.27,183.58,4.0,11.0,19.0
2025-11-11 22:06:12,21.37,43.83,100.27,181.19,4.0,11.0,19.0
2025-11-11 22:06:13,21.36,43.85,100.27,180.21,4.0,11.0,19.0
2025-11-11 22:06:14,21.37,43.86,100.27,183.18,4.0,11.0,19.0
2025-11-11 22:06:16,21.38,43.86,100.27,184.8,4.0,11.0,19.0
2025-11-11 22:06:17,21.39,43.85,100.27,185.2,4.0,11.0,19.0
2025-11-11 22:06:18,21.39,43.83,100.27,184.8,4.0,11.0,19.0
2025-11-11 22:06:19,21.4,43.83,100.27,185.62,4.0,11.0,19.0
2025-11-11 22:06:20,21.4,43.82,100.27,185.2,4.0,11.0,19.0
2025-11-11 22:06:21,21.41,43.81,100.27,187.32,4.0,11.0,19.0
2025-11-11 22:06:22,21.4,43.79,100.27,185.41,4.0,11.0,19.0
2025-11-11 22:06:23,21.41,43.79,100.27,187.43,4.0,11.0,19.0
2025-11-11 22:06:24,21.41,43.77,100.27,187.1,4.0,11.0,19.0
2025-11-11 22:06:25,21.41,43.76,100.27,188.39,4.0,11.0,19.0
2025-11-11 22:06:26,21.42,43.75,100.27,187.96,4.0,11.0,19.0
2025-11-11 22:06:27,21.42,43.74,100.27,186.68,4.0,11.0,19.0
2025-11-11 22:06:28,21.43,43.73,100.27,189.81,4.0,11.0,19.0
2025-11-11 22:06:30,21.42,43.73,100.27,188.18,4.0,11.0,19.0
2025-11-11 22:06:31,21.41,43.72,100.27,186.15,4.0,11.0,19.0
2025-11-11 22:06:32,21.41,43.72,100.27,186.25,4.0,11.0,19.0
2025-11-11 22:06:33,21.41,43.74,100.27,187.1,4.0,11.0,19.0
2025-11-11 22:06:34,21.39,43.72,100.27,186.47,4.0,11.0,19.0
2025-11-11 22:06:35,21.4,43.72,100.27,186.04,4.0,11.0,19.0
2025-11-11 22:06:36,21.39,43.72,100.27,185.62,4.0,11.0,19.0
2025-11-11 22:06:37,21.4,43.73,100.27,187.1,4.0,11.0,19.0
2025-11-11 22:06:39,21.4,43.75,100.27,187.75,4.0,11.0,19.0
2025-11-11 22:06:40,21.39,43.79,100.27,185.62,4.0,11.0,19.0
2025-11-11 22:06:41,21.39,43.89,100.27,185.62,4.0,11.0,19.0
2025-11-11 22:06:42,21.36,44.08,100.27,178.86,4.0,11.0,19.0
2025-11-11 22:06:43,21.35,44.26,100.27,180.99,4.0,11.0,19.0
2025-11-11 22:06:44,21.37,44.37,100.27,181.58,4.0,11.0,19.0
2025-11-11 22:06:46,21.37,44.49,100.27,182.38,4.0,11.0,19.0
2025-11-11 22:06:47,21.34,44.62,100.27,175.47,4.0,11.0,19.0
2025-11-11 22:06:48,21.33,44.75,100.27,176.21,4.0,11.0,19.0
2025-11-11 22:06:50,21.33,44.87,100.27,178.48,4.0,11.0,19.0
2025-11-11 22:06:51,21.33,44.97,100.27,178.09,4.0,11.0,19.0
2025-11-11 22:06:52,21.34,45.03,100.27,177.15,4.0,11.0,19.0
2025-11-11 22:06:53,21.34,45.11,100.27,180.21,4.0,11.0,19.0
2025-11-11 22:06:54,21.33,45.2,100.27,173.83,4.0,11.0,19.0
2025-11-11 22:06:55,21.34,45.29,100.27,178.48,4.0,11.0,19.0
2025-11-11 22:06:56,21.35,45.35,100.27,180.02,4.0,11.0,19.0
2025-11-11 22:06:57,21.37,45.37,100.27,181.98,4.0,11.0,19.0
2025-11-11 22:06:59,21.38,45.38,100.27,182.38,4.0,11.0,19.0
2025-11-11 22:07:00,21.37,45.37,100.27,178.09,4.0,11.0,19.0
2025-11-11 22:07:01,21.33,45.39,100.27,176.77,4.0,11.0,19.0
2025-11-11 22:07:02,21.34,45.39,100.27,178.09,4.0,11.0,19.0
2025-11-11 22:07:03,21.36,45.38,100.27,180.21,4.0,11.0,19.0
2025-11-11 22:07:05,21.35,45.32,100.27,176.96,4.0,11.0,19.0
2025-11-11 22:07:06,21.35,45.32,100.27,179.63,4.0,11.0,19.0
2025-11-11 22:07:07,21.36,45.33,100.27,179.24,4.0,11.0,19.0
2025-11-11 22:07:08,21.37,45.35,100.27,179.24,4.0,11.0,19.0
2025-11-11 22:07:09,21.38,45.36,100.27,181.98,4.0,11.0,19.0
2025-11-11 22:07:10,21.38,45.36,100.27,183.18,4.0,11.0,19.0
2025-11-11 22:07:11,21.39,45.36,100.27,183.58,4.0,11.0,19.0
2025-11-11 22:07:12,21.4,45.35,100.27,185.21,4.0,11.0,19.0
2025-11-11 22:07:14,21.37,45.28,100.27,181.19,4.0,11.0,19.0
2025-11-11 22:07:15,21.35,45.21,100.27,178.67,4.0,11.0,19.0
2025-11-11 22:07:16,21.34,45.13,100.27,179.24,4.0,11.0,19.0
2025-11-11 22:07:17,21.35,45.06,100.27,182.38,4.0,11.0,19.0
2025-11-11 22:07:18,21.36,44.96,100.27,182.78,4.0,11.0,19.0
2025-11-11 22:07:19,21.34,44.84,100.27,177.71,4.0,11.0,19.0
2025-11-11 22:07:20,21.35,44.79,100.27,182.98,4.0,11.0,19.0
2025-11-11 22:07:21,21.35,44.68,100.27,183.18,4.0,11.0,19.0
2025-11-11 22:07:22,21.36,44.61,100.27,184.8,4.0,11.0,19.0
2025-11-11 22:07:23,21.37,44.53,100.27,185.52,4.0,11.0,19.0
2025-11-11 22:07:25,21.38,44.45,100.27,185.52,4.0,11.0,19.0
2025-11-11 22:07:26,21.34,44.35,100.27,179.63,4.0,11.0,19.0
2025-11-11 22:07:27,21.34,44.33,100.27,183.58,4.0,11.0,19.0
2025-11-11 22:07:28,21.35,44.28,100.27,184.39,4.0,11.0,19.0
2025-11-11 22:07:29,21.36,44.26,100.27,185.62,4.0,11.0,19.0
2025-11-11 22:07:30,21.37,44.21,100.27,185.94,4.0,11.0,19.0
2025-11-11 22:07:31,21.37,44.17,100.27,185.62,4.0,11.0,19.0
2025-11-11 22:07:33,21.37,44.14,100.27,186.15,4.0,11.0,19.0
2025-11-11 22:07:34,21.36,44.1,100.27,184.99,4.0,11.0,19.0
2025-11-11 22:07:35,21.37,44.07,100.27,186.24,4.0,11.0,19.0
2025-11-11 22:07:36,21.37,44.04,100.27,186.15,4.0,11.0,19.0
2025-11-11 22:07:37,21.35,44.04,100.27,184.99,4.0,11.0,19.0
2025-11-11 22:07:38,21.36,44.03,100.27,185.52,4.0,11.0,19.0
2025-11-11 22:07:39,21.37,44.01,100.27,186.36,4.0,11.0,19.0
2025-11-11 22:07:40,21.37,43.99,100.27,187.32,4.0,11.0,19.0
2025-11-11 22:07:41,21.38,43.97,100.27,184.79,4.0,11.0,19.0
2025-11-11 22:07:42,21.38,43.95,100.27,189.92,4.0,11.0,19.0
2025-11-11 22:07:44,21.37,43.93,100.27,185.2,4.0,11.0,19.0
2025-11-11 22:07:45,21.35,43.91,100.27,185.31,4.0,11.0,19.0
2025-11-11 22:07:46,21.35,43.9,100.27,186.47,4.0,11.0,19.0
2025-11-11 22:07:47,21.35,43.89,100.27,185.83,4.0,11.0,19.0
2025-11-11 22:07:48,21.35,43.9,100.27,186.36,4.0,11.0,19.0
2025-11-11 22:07:49,21.34,43.91,100.27,186.24,4.0,11.0,19.0
2025-11-11 22:07:50,21.35,43.95,100.27,184.6,4.0,11.0,19.0
2025-11-11 22:07:51,21.36,44.03,100.27,186.68,4.0,11.0,19.0
2025-11-11 22:07:52,21.36,44.12,100.28,186.15,4.0,11.0,19.0
2025-11-11 22:07:53,21.37,44.24,100.27,186.68,4.0,11.0,19.0
2025-11-11 22:07:55,21.36,44.35,100.27,185.2,4.0,11.0,19.0
2025-11-11 22:07:56,21.35,44.44,100.27,184.8,4.0,11.0,19.0
2025-11-11 22:07:57,21.34,44.51,100.27,184.39,4.0,11.0,19.0
2025-11-11 22:07:58,21.35,44.55,100.27,185.42,4.0,11.0,19.0
2025-11-11 22:07:59,21.36,44.57,100.27,186.04,4.0,11.0,19.0
2025-11-11 22:08:00,21.36,44.56,100.27,186.25,4.0,11.0,19.0
2025-11-11 22:08:01,21.37,44.53,100.27,185.1,4.0,11.0,19.0
2025-11-11 22:08:02,21.37,44.5,100.27,186.47,4.0,11.0,19.0
2025-11-11 22:08:03,21.37,44.49,100.27,188.61,4.0,11.0,19.0
2025-11-11 22:08:04,21.37,44.47,100.27,186.68,4.0,11.0,19.0
2025-11-11 22:08:05,21.37,44.47,100.27,187.64,4.0,11.0,19.0
2025-11-11 22:08:06,21.37,44.46,100.27,187.85,4.0,11.0,19.0
2025-11-11 22:08:08,21.37,44.46,100.27,186.68,4.0,11.0,19.0
2025-11-11 22:08:09,21.36,44.47,100.27,187.96,4.0,11.0,19.0
2025-11-11 22:08:10,21.35,44.49,100.27,185.52,4.0,11.0,19.0
2025-11-11 22:08:11,21.36,44.5,100.28,186.36,4.0,11.0,19.0
2025-11-11 22:08:12,21.35,44.48,100.28,185.41,4.0,11.0,19.0
2025-11-11 22:08:13,21.36,44.46,100.27,186.47,4.0,11.0,19.0
2025-11-11 22:08:14,21.36,44.43,100.27,186.68,4.0,11.0,19.0
2025-11-11 22:08:15,21.36,44.4,100.27,188.18,4.0,11.0,19.0
2025-11-11 22:08:16,21.36,44.38,100.27,187.32,4.0,11.0,19.0
2025-11-11 22:08:17,21.37,44.39,100.27,188.07,4.0,11.0,19.0
2025-11-11 22:08:18,21.36,44.37,100.28,188.18,4.0,11.0,19.0
2025-11-11 22:08:20,21.37,44.37,100.28,188.83,4.0,11.0,19.0
2025-11-11 22:08:21,21.34,44.35,100.28,184.8,4.0,11.0,19.0
2025-11-11 22:08:22,21.35,44.35,100.28,186.47,4.0,11.0,19.0
2025-11-11 22:08:23,21.35,44.36,100.28,185.01,4.0,11.0,19.0
2025-11-11 22:08:24,21.35,44.37,100.28,187.21,4.0,11.0,19.0
2025-11-11 22:08:25,21.36,44.38,100.28,187.96,4.0,11.0,19.0
2025-11-11 22:08:26,21.36,44.4,100.28,186.25,4.0,11.0,19.0
2025-11-11 22:08:27,21.36,44.41,100.28,189.04,4.0,11.0,19.0
2025-11-11 22:08:28,21.35,44.38,100.28,185.83,4.0,11.0,19.0
2025-11-11 22:08:30,21.33,44.36,100.28,185.2,4.0,11.0,19.0
2025-11-11 22:08:31,21.32,44.34,100.28,183.58,4.0,11.0,19.0
2025-11-11 22:08:32,21.31,44.31,100.28,185.42,4.0,11.0,19.0
2025-11-11 22:08:33,21.3,44.29,100.28,181.98,4.0,11.0,19.0
2025-11-11 22:08:34,21.31,44.27,100.28,186.04,4.0,11.0,19.0
2025-11-11 22:08:35,21.31,44.23,100.28,185.31,4.0,11.0,19.0
2025-11-11 22:08:36,21.32,44.21,100.28,187.32,4.0,11.0,19.0
2025-11-11 22:08:37,21.33,44.19,100.28,187.53,4.0,11.0,19.0
2025-11-11 22:08:38,21.33,44.15,100.28,184.79,4.0,11.0,19.0
2025-11-11 22:08:39,21.34,44.12,100.28,189.92,4.0,11.0,19.0
2025-11-11 22:08:40,21.35,44.11,100.28,189.04,4.0,11.0,19.0
2025-11-11 22:08:41,21.35,44.07,100.28,190.58,4.0,11.0,19.0
2025-11-11 22:08:42,21.36,44.05,100.28,189.7,4.0,11.0,19.0
2025-11-11 22:08:43,21.37,44.01,100.28,191.92,4.0,11.0,19.0
2025-11-11 22:08:45,21.37,43.99,100.28,191.25,4.0,11.0,19.0
2025-11-11 22:08:46,21.37,43.95,100.28,189.92,4.0,11.0,19.0
2025-11-11 22:08:47,21.36,43.95,100.28,187.53,4.0,11.0,19.0
2025-11-11 22:08:48,21.37,43.94,100.28,191.02,4.0,11.0,19.0
2025-11-11 22:08:49,21.36,43.92,100.28,190.58,4.0,11.0,19.0
2025-11-11 22:08:50,21.36,43.9,100.28,190.69,4.0,11.0,19.0
2025-11-11 22:08:51,21.36,43.88,100.28,188.29,4.0,11.0,19.0
2025-11-11 22:08:52,21.37,43.86,100.28,189.7,4.0,11.0,19.0
2025-11-11 22:08:53,21.36,43.84,100.28,191.14,4.0,11.0,19.0
2025-11-11 22:08:54,21.36,43.85,100.28,191.25,4.0,11.0,19.0
2025-11-11 22:08:55,21.36,43.88,100.28,191.02,4.0,11.0,19.0
2025-11-11 22:08:56,21.37,43.92,100.28,190.25,4.0,11.0,19.0
2025-11-11 22:08:57,21.35,44.01,100.28,186.15,4.0,11.0,19.0
2025-11-11 22:08:59,21.35,44.12,100.28,187.75,4.0,11.0,19.0
2025-11-11 22:09:00,21.34,44.23,100.28,188.94,4.0,11.0,19.0
2025-11-11 22:09:01,21.32,44.29,100.28,184.79,4.0,11.0,19.0
2025-11-11 22:09:02,21.32,44.33,100.28,186.68,4.0,11.0,19.0
2025-11-11 22:09:03,21.33,44.33,100.28,187.75,4.0,11.0,19.0
2025-11-11 22:09:04,21.34,44.31,100.28,189.37,4.0,11.0,19.0
2025-11-11 22:09:05,21.33,44.28,100.28,187.21,4.0,11.0,19.0
2025-11-11 22:09:06,21.33,44.26,100.28,188.83,4.0,11.0,19.0
2025-11-11 22:09:07,21.33,44.24,100.28,190.03,4.0,11.0,19.0
2025-11-11 22:09:08,21.33,44.2,100.28,187.75,4.0,11.0,19.0
2025-11-11 22:09:10,21.33,44.17,100.28,188.61,4.0,11.0,19.0
2025-11-11 22:09:10,21.31,44.14,100.28,186.47,4.0,11.0,19.0
2025-11-11 22:09:12,21.32,44.13,100.28,186.57,4.0,11.0,19.0
2025-11-11 22:09:13,21.31,44.09,100.28,187.53,4.0,11.0,19.0
2025-11-11 22:09:14,21.31,44.09,100.28,186.04,4.0,11.0,19.0
2025-11-11 22:09:15,21.32,44.06,100.28,190.69,4.0,11.0,19.0
2025-11-11 22:09:16,21.33,44.04,100.28,190.8,4.0,11.0,19.0
2025-11-11 22:09:17,21.32,44.01,100.28,189.04,4.0,11.0,19.0
2025-11-11 22:09:18,21.31,43.98,100.28,186.68,4.0,11.0,19.0
2025-11-11 22:09:19,21.3,43.97,100.28,186.36,4.0,11.0,19.0
2025-11-11 22:09:20,21.3,43.97,100.28,187.96,4.0,11.0,19.0
2025-11-11 22:09:22,21.31,43.95,100.28,187.96,4.0,11.0,19.0
2025-11-11 22:09:23,21.29,43.92,100.28,186.68,4.0,11.0,19.0
2025-11-11 22:09:24,21.3,43.94,100.28,187.75,4.0,11.0,19.0
2025-11-11 22:09:25,21.29,43.92,100.28,187.75,4.0,11.0,19.0
2025-11-11 22:09:26,21.28,43.9,100.28,184.99,4.0,11.0,19.0
2025-11-11 22:09:27,21.28,43.91,100.28,187.53,4.0,11.0,19.0
2025-11-11 22:09:28,21.29,43.92,100.28,184.79,4.0,11.0,19.0
2025-11-11 22:09:29,21.3,43.89,100.28,189.48,4.0,11.0,19.0
2025-11-11 22:09:30,21.32,43.9,100.28,188.5,4.0,11.0,19.0
2025-11-11 22:09:32,21.32,43.87,100.28,190.14,4.0,11.0,19.0
2025-11-11 22:09:33,21.31,43.87,100.28,188.83,4.0,11.0,19.0
2025-11-11 22:09:34,21.29,43.86,100.28,186.89,4.0,11.0,19.0
2025-11-11 22:09:35,21.28,43.87,100.28,184.89,4.0,11.0,19.0
2025-11-11 22:09:37,21.27,43.88,100.28,186.15,4.0,11.0,19.0
2025-11-11 22:09:38,21.26,43.91,100.28,182.98,4.0,11.0,19.0
2025-11-11 22:09:39,21.25,43.95,100.28,182.78,4.0,11.0,19.0
2025-11-11 22:09:40,21.27,43.99,100.28,185.31,4.0,11.0,19.0
2025-11-11 22:09:41,21.27,44.0,100.28,185.42,4.0,11.0,19.0
2025-11-11 22:09:42,21.26,44.0,100.27,185.41,4.0,11.0,19.0
2025-11-11 22:09:43,21.25,43.99,100.28,184.39,4.0,11.0,19.0
2025-11-11 22:09:44,21.26,44.01,100.28,186.78,4.0,11.0,19.0
2025-11-11 22:09:46,21.28,43.99,100.27,184.79,4.0,11.0,19.0
2025-11-11 22:09:47,21.28,43.97,100.27,186.47,4.0,11.0,19.0
2025-11-11 22:09:48,21.27,43.97,100.27,186.57,4.0,11.0,19.0
2025-11-11 22:09:49,21.27,43.97,100.27,185.73,4.0,11.0,19.0
2025-11-11 22:09:50,21.29,43.98,100.27,187.53,4.0,11.0,19.0
2025-11-11 22:09:51,21.3,43.98,100.27,188.61,4.0,11.0,19.0
2025-11-11 22:09:52,21.31,43.97,100.28,190.14,4.0,11.0,19.0
2025-11-11 22:09:53,21.32,43.94,100.27,190.14,4.0,11.0,19.0
2025-11-11 22:09:54,21.32,43.93,100.27,191.36,4.0,11.0,19.0
2025-11-11 22:09:55,21.33,43.91,100.27,191.47,4.0,11.0,19.0
2025-11-11 22:09:56,21.31,43.88,100.27,189.48,4.0,11.0,19.0
2025-11-11 22:09:58,21.32,43.87,100.27,191.02,4.0,11.0,19.0
2025-11-11 22:09:59,21.3,43.86,100.27,185.83,4.0,11.0,19.0
2025-11-11 22:10:00,21.31,43.85,100.27,189.59,4.0,11.0,19.0
2025-11-11 22:10:01,21.31,43.84,100.27,190.58,4.0,11.0,19.0
2025-11-11 22:10:02,21.32,43.83,100.27,190.8,4.0,11.0,19.0
2025-11-11 22:10:03,21.32,43.82,100.27,190.47,4.0,11.0,19.0
2025-11-11 22:10:04,21.32,43.83,100.27,189.7,4.0,11.0,19.0
2025-11-11 22:10:05,21.31,43.83,100.27,190.03,4.0,11.0,19.0
2025-11-11 22:10:06,21.3,43.83,100.27,187.43,4.0,11.0,19.0
2025-11-11 22:10:07,21.3,43.85,100.27,189.48,4.0,11.0,19.0
2025-11-11 22:10:09,21.31,43.88,100.27,190.8,4.0,11.0,19.0
2025-11-11 22:10:09,21.29,43.93,100.27,186.89,4.0,11.0,19.0
2025-11-11 22:10:11,21.3,44.01,100.27,188.72,4.0,11.0,19.0
2025-11-11 22:10:12,21.3,44.08,100.27,185.42,4.0,11.0,19.0
2025-11-11 22:10:13,21.28,44.16,100.27,185.83,4.0,11.0,19.0
2025-11-11 22:10:14,21.29,44.25,100.27,187.21,4.0,11.0,19.0
2025-11-11 22:10:15,21.3,44.3,100.27,185.41,4.0,11.0,19.0
2025-11-11 22:10:16,21.29,44.33,100.27,186.04,4.0,11.0,19.0
2025-11-11 22:10:17,21.28,44.35,100.27,183.58,4.0,11.0,19.0
2025-11-11 22:10:19,21.29,44.36,100.27,185.62,4.0,11.0,19.0
2025-11-11 22:10:20,21.28,44.32,100.27,185.01,4.0,11.0,19.0
2025-11-11 22:10:21,21.29,44.32,100.27,187.75,4.0,11.0,19.0
2025-11-11 22:10:22,21.27,44.33,100.27,182.18,4.0,11.0,19.0
2025-11-11 22:10:24,21.26,44.37,100.27,184.19,4.0,11.0,19.0
2025-11-11 22:10:25,21.25,44.4,100.27,181.19,4.0,11.0,19.0
2025-11-11 22:10:26,21.24,44.39,100.27,184.39,4.0,11.0,19.0
2025-11-11 22:10:27,21.25,44.4,100.27,186.04,4.0,11.0,19.0
2025-11-11 22:10:28,21.27,44.39,100.27,186.68,4.0,11.0,19.0
2025-11-11 22:10:29,21.28,44.35,100.27,186.68,4.0,11.0,19.0
2025-11-11 22:10:30,21.27,44.29,100.27,185.2,4.0,11.0,19.0
2025-11-11 22:10:31,21.27,44.27,100.27,184.99,4.0,11.0,19.0
2025-11-11 22:10:33,21.28,44.26,100.27,186.04,4.0,11.0,19.0
2025-11-11 22:10:34,21.29,44.23,100.27,187.43,4.0,11.0,19.0
2025-11-11 22:10:35,21.29,44.19,100.27,188.18,4.0,11.0,19.0
2025-11-11 22:10:36,21.3,44.17,100.27,188.61,4.0,11.0,19.0
2025-11-11 22:10:37,21.31,44.12,100.27,188.07,4.0,11.0,19.0
2025-11-11 22:10:38,21.3,44.08,100.27,188.61,4.0,11.0,19.0
2025-11-11 22:10:39,21.31,44.07,100.27,190.14,4.0,11.0,19.0
2025-11-11 22:10:40,21.31,44.04,100.27,188.61,4.0,11.0,19.0
2025-11-11 22:10:41,21.31,44.01,100.27,187.32,4.0,11.0,19.0
2025-11-11 22:10:42,21.3,43.98,100.27,188.61,4.0,11.0,19.0
